id,location_id,user_x,user_y,cell_x,cell_y,cell_power,cell_x,cell_y,cell_power,cell_x,cell_y,cell_power,cell_x,cell_y,cell_power,serving Rx,neighbor Rx
0,0,35.8674899716,3.50669423964,24.377,11.978,19,51.446,17.966,19,69.175,11.247,19,82.947,18.112,19,-74.7785302591,-91.7517258297
1,1,19.1418531117,5.68698425204,24.377,11.978,19,51.446,17.966,19,69.175,11.247,19,82.947,18.112,19,-56.3705169804,-99.6527507858
2,2,41.8629214649,5.74182439116,51.446,17.966,19,24.377,11.978,19,69.175,11.247,19,82.947,18.112,19,-78.2640376662,-83.6959154707
3,3,28.4006860692,5.52199520871,24.377,11.978,19,51.446,17.966,19,69.175,11.247,19,82.947,18.112,19,-65.9571351431,-98.3528018533
4,4,23.1514364325,7.05925180924,24.377,11.978,19,51.446,17.966,19,69.175,11.247,19,82.947,18.112,19,-45.1856629088,-98.0505328065
5,5,33.2261372558,6.54657462854,24.377,11.978,19,51.446,17.966,19,69.175,11.247,19,82.947,18.112,19,-64.9175019551,-91.9547703818
6,6,39.1877433008,4.24980365678,24.377,11.978,19,51.446,17.966,19,69.175,11.247,19,82.947,18.112,19,-85.0432085139,-85.4281006787
7,7,22.5252190371,4.47279769287,24.377,11.978,19,51.446,17.966,19,69.175,11.247,19,82.947,18.112,19,-52.8792277269,-101.034448735
8,8,37.7673134948,4.66575572712,24.377,11.978,19,51.446,17.966,19,69.175,11.247,19,82.947,18.112,19,-79.5484449758,-87.9703354039
9,9,20.8721648275,8.48370275181,24.377,11.978,19,51.446,17.966,19,69.175,11.247,19,82.947,18.112,19,-49.1399061831,-103.906125058
10,10,19.5351922216,3.77201044532,24.377,11.978,19,51.446,17.966,19,69.175,11.247,19,82.947,18.112,19,-65.8207010194,-97.9609544355
11,11,31.8234083071,5.65324673659,24.377,11.978,19,51.446,17.966,19,69.175,11.247,19,82.947,18.112,19,-68.2035167345,-87.2634055641
12,12,24.5271916027,7.38584298237,24.377,11.978,19,51.446,17.966,19,69.175,11.247,19,82.947,18.112,19,-47.6277995534,-100.17294186
13,13,38.7239405786,8.40771945487,24.377,11.978,19,51.446,17.966,19,69.175,11.247,19,82.947,18.112,19,-76.9887646284,-83.4063717511
14,14,25.0705218653,6.9265895974,24.377,11.978,19,51.446,17.966,19,69.175,11.247,19,82.947,18.112,19,-56.3071269948,-99.0833204119
15,15,34.5017433517,2.77661553293,24.377,11.978,19,51.446,17.966,19,69.175,11.247,19,82.947,18.112,19,-81.3136044396,-87.3682945729
16,16,23.639989185,7.92270461626,24.377,11.978,19,51.446,17.966,19,69.175,11.247,19,82.947,18.112,19,-51.2354207024,-99.2719108438
17,17,17.3638548201,5.01385187358,24.377,11.978,19,51.446,17.966,19,69.175,11.247,19,82.947,18.112,19,-75.3673536263,-104.33367111
18,18,27.0724299785,3.36419281006,24.377,11.978,19,51.446,17.966,19,69.175,11.247,19,82.947,18.112,19,-75.1665413031,-98.4496620003
19,19,38.3704674412,6.67228326127,24.377,11.978,19,51.446,17.966,19,69.175,11.247,19,82.947,18.112,19,-84.5485994352,-86.0109191744
20,20,22.12323829,5.77419350211,24.377,11.978,19,51.446,17.966,19,69.175,11.247,19,82.947,18.112,19,-62.6560399179,-103.192229498
21,21,31.4463980913,9.66842753534,24.377,11.978,19,51.446,17.966,19,69.175,11.247,19,82.947,18.112,19,-57.9593548058,-90.0547231138
22,22,31.067239261,7.28482332082,24.377,11.978,19,51.446,17.966,19,69.175,11.247,19,82.947,18.112,19,-66.885407938,-96.0157251157
23,23,27.5471397884,9.35944143091,24.377,11.978,19,51.446,17.966,19,69.175,11.247,19,82.947,18.112,19,-39.5229332724,-94.6158987538
24,24,28.2565872412,1.61493759391,24.377,11.978,19,51.446,17.966,19,69.175,11.247,19,82.947,18.112,19,-73.5108623021,-95.6954082215
25,25,37.174032445,7.37922932198,24.377,11.978,19,51.446,17.966,19,69.175,11.247,19,82.947,18.112,19,-74.1785286654,-87.5367052294
26,26,18.3259918777,1.95511867736,24.377,11.978,19,51.446,17.966,19,69.175,11.247,19,82.947,18.112,19,-69.8470386375,-109.795572003
27,27,18.9076008284,4.52572421256,24.377,11.978,19,51.446,17.966,19,69.175,11.247,19,82.947,18.112,19,-71.9166489163,-102.734586154
28,28,19.4242816406,2.91301570627,24.377,11.978,19,51.446,17.966,19,69.175,11.247,19,82.947,18.112,19,-73.659639147,-100.468519053
29,29,27.1707777409,8.02380823322,24.377,11.978,19,51.446,17.966,19,69.175,11.247,19,82.947,18.112,19,-48.290302416,-84.2185786511
30,30,22.3056722678,10.2281545194,24.377,11.978,19,51.446,17.966,19,69.175,11.247,19,82.947,18.112,19,-49.3054334865,-107.793028415
31,31,36.1591954546,3.80720960417,24.377,11.978,19,51.446,17.966,19,69.175,11.247,19,82.947,18.112,19,-81.5131141698,-92.0837451137
32,32,24.8650556332,10.031971685,24.377,11.978,19,51.446,17.966,19,69.175,11.247,19,82.947,18.112,19,-27.4137236648,-98.8210003101
33,33,24.1055763519,8.02615321557,24.377,11.978,19,51.446,17.966,19,69.175,11.247,19,82.947,18.112,19,-46.7517453164,-95.4731461064
34,34,36.0204278797,8.36303594341,24.377,11.978,19,51.446,17.966,19,69.175,11.247,19,82.947,18.112,19,-75.0907856729,-85.7740561901
35,35,12.1568528095,2.50587695352,24.377,11.978,19,51.446,17.966,19,69.175,11.247,19,82.947,18.112,19,-84.4315180302,-107.989849919
36,36,34.9265110801,6.08275369889,24.377,11.978,19,51.446,17.966,19,69.175,11.247,19,82.947,18.112,19,-72.22844757,-90.7102589893
37,37,32.2166936071,5.4467314645,24.377,11.978,19,51.446,17.966,19,69.175,11.247,19,82.947,18.112,19,-70.3586225455,-94.7203631476
38,38,14.7348356417,8.55274123987,24.377,11.978,19,51.446,17.966,19,69.175,11.247,19,82.947,18.112,19,-68.9511202795,-102.562487681
39,39,24.2209775769,5.29592068564,24.377,11.978,19,51.446,17.966,19,69.175,11.247,19,82.947,18.112,19,-54.7350149374,-98.1566014511
40,40,18.4528768628,4.432238559,24.377,11.978,19,51.446,17.966,19,69.175,11.247,19,82.947,18.112,19,-70.1056080722,-105.040845117
41,41,29.7747729515,8.28030312031,24.377,11.978,19,51.446,17.966,19,69.175,11.247,19,82.947,18.112,19,-55.8558867325,-94.233370652
42,42,37.1072949773,5.01635626795,24.377,11.978,19,51.446,17.966,19,69.175,11.247,19,82.947,18.112,19,-75.3750197309,-90.6995427972
43,43,31.129852067,6.34839117622,24.377,11.978,19,51.446,17.966,19,69.175,11.247,19,82.947,18.112,19,-69.2753139338,-100.229332114
44,44,24.6075591322,5.98346365752,24.377,11.978,19,51.446,17.966,19,69.175,11.247,19,82.947,18.112,19,-56.517657406,-96.1652049108
45,45,34.2094977965,3.15584779105,24.377,11.978,19,51.446,17.966,19,69.175,11.247,19,82.947,18.112,19,-81.2222904483,-91.0365861873
46,46,27.2233779656,4.38581520145,24.377,11.978,19,51.446,17.966,19,69.175,11.247,19,82.947,18.112,19,-67.461934552,-96.6275059833
47,47,27.2340324217,0.499818041828,24.377,11.978,19,51.446,17.966,19,69.175,11.247,19,82.947,18.112,19,-85.821889799,-104.634485793
48,48,28.7233312549,5.47311318369,24.377,11.978,19,51.446,17.966,19,69.175,11.247,19,82.947,18.112,19,-61.5384796597,-90.2829557629
49,49,25.6618059982,1.21906201115,24.377,11.978,19,51.446,17.966,19,69.175,11.247,19,82.947,18.112,19,-72.2964413641,-97.5921169235
50,50,39.6850909978,6.44741448483,24.377,11.978,19,51.446,17.966,19,69.175,11.247,19,82.947,18.112,19,-87.905159345,-90.2513224241
51,51,23.5748192937,4.41653840438,24.377,11.978,19,51.446,17.966,19,69.175,11.247,19,82.947,18.112,19,-61.2104041419,-96.7953627464
52,52,31.0004864206,8.23755670983,24.377,11.978,19,51.446,17.966,19,69.175,11.247,19,82.947,18.112,19,-58.4492996558,-96.7363971469
53,53,29.9113349993,5.31906111174,24.377,11.978,19,51.446,17.966,19,69.175,11.247,19,82.947,18.112,19,-75.6811767063,-97.2567532719
54,54,26.0592189327,5.75004673463,24.377,11.978,19,51.446,17.966,19,69.175,11.247,19,82.947,18.112,19,-63.3926505513,-108.29559038
55,55,49.0866909787,2.75952374912,51.446,17.966,19,69.175,11.247,19,24.377,11.978,19,82.947,18.112,19,-80.8508538063,-95.8120339229
56,56,32.7177470424,4.77891544809,24.377,11.978,19,51.446,17.966,19,69.175,11.247,19,82.947,18.112,19,-70.8567516563,-88.5104196153
57,57,26.129376881,5.19725055515,24.377,11.978,19,51.446,17.966,19,69.175,11.247,19,82.947,18.112,19,-62.4451058094,-88.5021601755
58,58,23.1685326864,4.33624760929,24.377,11.978,19,51.446,17.966,19,69.175,11.247,19,82.947,18.112,19,-57.8940729185,-102.978886556
59,59,16.6689794139,7.68794593966,24.377,11.978,19,51.446,17.966,19,69.175,11.247,19,82.947,18.112,19,-72.0190679726,-109.261487921
60,60,32.3984229887,7.59590905614,24.377,11.978,19,51.446,17.966,19,69.175,11.247,19,82.947,18.112,19,-63.0871577798,-92.1389406583
61,61,21.0061256636,3.48244736553,24.377,11.978,19,51.446,17.966,19,69.175,11.247,19,82.947,18.112,19,-62.4157150431,-98.4213307085
62,62,22.8909134609,4.43860196626,24.377,11.978,19,51.446,17.966,19,69.175,11.247,19,82.947,18.112,19,-56.0184617053,-104.31821598
63,63,39.9992190547,4.60125771322,24.377,11.978,19,51.446,17.966,19,69.175,11.247,19,82.947,18.112,19,-79.4072361055,-90.0858605206
64,64,32.5698054481,4.54133015431,24.377,11.978,19,51.446,17.966,19,69.175,11.247,19,82.947,18.112,19,-70.58439437,-90.8015101678
65,65,25.3861896508,4.1446709651,24.377,11.978,19,51.446,17.966,19,69.175,11.247,19,82.947,18.112,19,-69.6050718915,-105.87706858
66,66,25.7863131597,5.80069870148,24.377,11.978,19,51.446,17.966,19,69.175,11.247,19,82.947,18.112,19,-61.5255354371,-101.488386873
67,67,32.4410388431,3.79807422846,24.377,11.978,19,51.446,17.966,19,69.175,11.247,19,82.947,18.112,19,-84.2452521266,-98.4938077301
68,68,35.230562792,7.61383003174,24.377,11.978,19,51.446,17.966,19,69.175,11.247,19,82.947,18.112,19,-67.7267057558,-88.5278257327
69,69,24.2378608502,7.06168289013,24.377,11.978,19,51.446,17.966,19,69.175,11.247,19,82.947,18.112,19,-50.8569390331,-97.7338638091
70,70,39.7533297222,6.53085546299,24.377,11.978,19,51.446,17.966,19,69.175,11.247,19,82.947,18.112,19,-81.9558598502,-88.2001579378
71,71,39.0326587803,2.38553971579,24.377,11.978,19,51.446,17.966,19,69.175,11.247,19,82.947,18.112,19,-84.778722167,-89.3854979579
72,72,29.6475176102,5.9026664226,24.377,11.978,19,51.446,17.966,19,69.175,11.247,19,82.947,18.112,19,-66.0530918961,-104.493624137
73,73,36.3469905823,6.31467155086,24.377,11.978,19,51.446,17.966,19,69.175,11.247,19,82.947,18.112,19,-78.4277322569,-91.3233404586
74,74,31.449320336,7.48342087331,24.377,11.978,19,51.446,17.966,19,69.175,11.247,19,82.947,18.112,19,-72.138603354,-90.5195923081
75,75,45.3854698328,3.57724399007,51.446,17.966,19,24.377,11.978,19,69.175,11.247,19,82.947,18.112,19,-80.9852551596,-90.4516118642
76,76,41.7377937357,5.47645221758,51.446,17.966,19,24.377,11.978,19,69.175,11.247,19,82.947,18.112,19,-83.1745332449,-87.6784984866
77,77,38.5622188056,5.86998852647,24.377,11.978,19,51.446,17.966,19,69.175,11.247,19,82.947,18.112,19,-83.2656675036,-90.1272489448
78,78,28.0250717598,7.47338426408,24.377,11.978,19,51.446,17.966,19,69.175,11.247,19,82.947,18.112,19,-55.5644173328,-96.6117525373
79,79,28.4064751361,5.82959564947,24.377,11.978,19,51.446,17.966,19,69.175,11.247,19,82.947,18.112,19,-49.2472519936,-91.4027745903
80,80,37.1689856252,3.59074649968,24.377,11.978,19,51.446,17.966,19,69.175,11.247,19,82.947,18.112,19,-85.7383139539,-98.2475340485
81,81,39.4834567585,8.54407164219,51.446,17.966,19,24.377,11.978,19,69.175,11.247,19,82.947,18.112,19,-78.6345744268,-91.8582695554
82,82,32.254860988,9.92289843292,24.377,11.978,19,51.446,17.966,19,69.175,11.247,19,82.947,18.112,19,-62.1396946377,-93.0362930622
83,83,34.3342294273,8.55381752821,24.377,11.978,19,51.446,17.966,19,69.175,11.247,19,82.947,18.112,19,-68.832752705,-81.7578534046
84,84,30.7459539933,4.25194078426,24.377,11.978,19,51.446,17.966,19,69.175,11.247,19,82.947,18.112,19,-67.6670727105,-98.8296432941
85,85,22.7921117061,6.356668684,24.377,11.978,19,51.446,17.966,19,69.175,11.247,19,82.947,18.112,19,-49.5248143597,-100.74445201
86,86,26.5236564563,9.20366570598,24.377,11.978,19,51.446,17.966,19,69.175,11.247,19,82.947,18.112,19,-46.2148881081,-97.9821623049
87,87,17.8101717549,4.58610541806,24.377,11.978,19,51.446,17.966,19,69.175,11.247,19,82.947,18.112,19,-75.2599997864,-96.0553994488
88,88,14.6574018189,5.29619895852,24.377,11.978,19,51.446,17.966,19,69.175,11.247,19,82.947,18.112,19,-74.4659584723,-112.309728451
89,89,15.2245103651,9.36034516369,24.377,11.978,19,51.446,17.966,19,69.175,11.247,19,82.947,18.112,19,-67.4664830358,-105.652419058
90,90,21.2705007405,4.89303871238,24.377,11.978,19,51.446,17.966,19,69.175,11.247,19,82.947,18.112,19,-60.0861744443,-99.2763686674
91,91,27.6194981728,9.46107470323,24.377,11.978,19,51.446,17.966,19,69.175,11.247,19,82.947,18.112,19,-49.2387498699,-96.0000477091
92,92,16.9336228271,6.87751439831,24.377,11.978,19,51.446,17.966,19,69.175,11.247,19,82.947,18.112,19,-64.8439082575,-104.053146228
93,93,37.4146323598,6.21453067281,24.377,11.978,19,51.446,17.966,19,69.175,11.247,19,82.947,18.112,19,-74.4147138899,-81.3303497823
94,94,26.7370322323,1.8415964942,24.377,11.978,19,51.446,17.966,19,69.175,11.247,19,82.947,18.112,19,-76.5127297966,-100.803418273
95,95,37.2095491136,2.31754760957,24.377,11.978,19,51.446,17.966,19,69.175,11.247,19,82.947,18.112,19,-90.2663571435,-93.7547790395
96,96,22.0120002551,6.55674877469,24.377,11.978,19,51.446,17.966,19,69.175,11.247,19,82.947,18.112,19,-64.5286311139,-105.908275832
97,97,33.5208624669,6.96525531819,24.377,11.978,19,51.446,17.966,19,69.175,11.247,19,82.947,18.112,19,-73.8176278333,-94.8480345237
98,98,22.3070439719,8.61037952508,24.377,11.978,19,51.446,17.966,19,69.175,11.247,19,82.947,18.112,19,-50.2981458365,-90.2763930416
99,99,27.1950812179,7.93336296708,24.377,11.978,19,51.446,17.966,19,69.175,11.247,19,82.947,18.112,19,-45.8650278245,-97.3119691346
100,100,39.7054223966,4.62829037302,24.377,11.978,19,51.446,17.966,19,69.175,11.247,19,82.947,18.112,19,-85.2716050918,-87.6538804981
101,101,28.6958942819,3.35747697906,24.377,11.978,19,51.446,17.966,19,69.175,11.247,19,82.947,18.112,19,-62.6032767619,-96.3205324894
102,102,35.002502146,9.64934920471,24.377,11.978,19,51.446,17.966,19,69.175,11.247,19,82.947,18.112,19,-72.2375181542,-91.2547979379
103,103,27.7289719437,6.06255446812,24.377,11.978,19,51.446,17.966,19,69.175,11.247,19,82.947,18.112,19,-53.1524157861,-100.703287414
104,104,28.7967351238,5.07432823651,24.377,11.978,19,51.446,17.966,19,69.175,11.247,19,82.947,18.112,19,-66.2615615008,-99.4071430882
105,105,32.6286454052,7.2550405607,24.377,11.978,19,51.446,17.966,19,69.175,11.247,19,82.947,18.112,19,-73.1721865465,-92.8354062129
106,106,38.289804645,9.23275078503,24.377,11.978,19,51.446,17.966,19,69.175,11.247,19,82.947,18.112,19,-70.5634667069,-80.7605908901
107,107,42.5528639739,6.02291113032,51.446,17.966,19,24.377,11.978,19,69.175,11.247,19,82.947,18.112,19,-85.3363856295,-88.4949778943
108,108,40.0331169811,6.78095734508,51.446,17.966,19,24.377,11.978,19,69.175,11.247,19,82.947,18.112,19,-83.5674245493,-86.4038319189
109,109,31.5754075529,4.20215458842,24.377,11.978,19,51.446,17.966,19,69.175,11.247,19,82.947,18.112,19,-74.1055718454,-88.3831008004
110,110,27.7502703558,5.14093916922,24.377,11.978,19,51.446,17.966,19,69.175,11.247,19,82.947,18.112,19,-60.3044576433,-103.410512288
111,111,25.6945437353,5.6823893104,24.377,11.978,19,51.446,17.966,19,69.175,11.247,19,82.947,18.112,19,-43.2663383015,-101.565999894
112,112,22.2222517688,5.728406652,24.377,11.978,19,51.446,17.966,19,69.175,11.247,19,82.947,18.112,19,-56.9326309725,-93.9495415314
113,113,29.1673722041,5.40659122062,24.377,11.978,19,51.446,17.966,19,69.175,11.247,19,82.947,18.112,19,-59.8514732508,-99.6313545098
114,114,30.269171741,5.40142988325,24.377,11.978,19,51.446,17.966,19,69.175,11.247,19,82.947,18.112,19,-68.6217726545,-91.3529855103
115,115,30.2037570494,5.01060176478,24.377,11.978,19,51.446,17.966,19,69.175,11.247,19,82.947,18.112,19,-73.2872669681,-92.9395525318
116,116,29.0942915039,4.3083407596,24.377,11.978,19,51.446,17.966,19,69.175,11.247,19,82.947,18.112,19,-70.263756463,-88.7018924789
117,117,29.3996151337,3.26073228722,24.377,11.978,19,51.446,17.966,19,69.175,11.247,19,82.947,18.112,19,-70.5807705092,-93.3089775693
118,118,25.1978449276,4.93913230888,24.377,11.978,19,51.446,17.966,19,69.175,11.247,19,82.947,18.112,19,-68.4660399141,-111.643132847
119,119,29.4903056881,3.52840129644,24.377,11.978,19,51.446,17.966,19,69.175,11.247,19,82.947,18.112,19,-81.0348781551,-97.3196700917
120,120,39.4232018485,18.3663321991,51.446,17.966,19,24.377,11.978,19,69.175,11.247,19,82.947,18.112,19,-69.6917107494,-84.699656083
121,121,24.9552064641,19.0337138846,24.377,11.978,19,51.446,17.966,19,69.175,11.247,19,82.947,18.112,19,-50.3245228171,-104.180631125
122,122,33.6969436797,17.7200866835,24.377,11.978,19,51.446,17.966,19,69.175,11.247,19,82.947,18.112,19,-72.6487292685,-88.8199709575
123,123,37.3701358571,21.4031294278,51.446,17.966,19,24.377,11.978,19,69.175,11.247,19,82.947,18.112,19,-81.6135447341,-85.426413423
124,124,32.7366883315,13.3007618461,24.377,11.978,19,51.446,17.966,19,69.175,11.247,19,82.947,18.112,19,-60.3764085335,-79.3766584182
125,125,50.8390448357,16.623576803,51.446,17.966,19,69.175,11.247,19,24.377,11.978,19,82.947,18.112,19,-14.8354568451,-85.2794216247
126,126,37.9439965099,20.3996359108,51.446,17.966,19,24.377,11.978,19,69.175,11.247,19,82.947,18.112,19,-81.832804827,-84.6940951794
127,127,27.6554186317,19.5627496412,24.377,11.978,19,51.446,17.966,19,69.175,11.247,19,82.947,18.112,19,-64.4330204729,-87.9994072875
128,128,19.9511499388,17.9517962874,24.377,11.978,19,51.446,17.966,19,69.175,11.247,19,82.947,18.112,19,-55.4373153522,-93.7090824153
129,129,40.1600968387,17.4516220796,51.446,17.966,19,24.377,11.978,19,69.175,11.247,19,82.947,18.112,19,-70.0324562997,-80.1687462121
130,130,31.5104756037,19.9631866445,24.377,11.978,19,51.446,17.966,19,69.175,11.247,19,82.947,18.112,19,-74.7837750996,-95.943811731
131,131,36.9830526921,18.7355172902,24.377,11.978,19,51.446,17.966,19,69.175,11.247,19,82.947,18.112,19,-71.1339891962,-72.5820917348
132,132,32.8189649383,17.7337137165,24.377,11.978,19,51.446,17.966,19,69.175,11.247,19,82.947,18.112,19,-68.4005421661,-93.3088670777
133,133,24.5708064321,18.2447539477,24.377,11.978,19,51.446,17.966,19,69.175,11.247,19,82.947,18.112,19,-60.2638220642,-96.9811268074
134,134,46.2795138085,19.9898819216,51.446,17.966,19,24.377,11.978,19,69.175,11.247,19,82.947,18.112,19,-58.8804911873,-87.4797576886
135,135,30.9172954095,25.7230140218,24.377,11.978,19,51.446,17.966,19,69.175,11.247,19,82.947,18.112,19,-74.4758610678,-90.1287794673
136,136,23.7069315195,19.8037148105,24.377,11.978,19,51.446,17.966,19,69.175,11.247,19,82.947,18.112,19,-51.5777667633,-98.5484440548
137,137,29.3963640629,18.6056917591,24.377,11.978,19,51.446,17.966,19,69.175,11.247,19,82.947,18.112,19,-67.1963881459,-98.6900217794
138,138,36.0396609785,15.9780611615,24.377,11.978,19,51.446,17.966,19,69.175,11.247,19,82.947,18.112,19,-75.7150362553,-80.8394028426
139,139,19.1522509685,19.1765346445,24.377,11.978,19,51.446,17.966,19,69.175,11.247,19,82.947,18.112,19,-73.0728667847,-104.734668172
140,140,18.876120696,16.320896983,24.377,11.978,19,51.446,17.966,19,69.175,11.247,19,82.947,18.112,19,-66.4620467987,-96.7279557566
141,141,35.5639101398,19.4520702513,24.377,11.978,19,51.446,17.966,19,69.175,11.247,19,82.947,18.112,19,-77.1207598706,-84.446969999
142,142,24.7634260539,18.60985005,24.377,11.978,19,51.446,17.966,19,69.175,11.247,19,82.947,18.112,19,-65.257414473,-90.5414222773
143,143,35.1892033533,20.3789596013,24.377,11.978,19,51.446,17.966,19,69.175,11.247,19,82.947,18.112,19,-75.3002414499,-82.2560203838
144,144,22.6729122829,16.9361816381,24.377,11.978,19,51.446,17.966,19,69.175,11.247,19,82.947,18.112,19,-53.255507804,-102.633464759
145,145,21.1061194636,18.6308460676,24.377,11.978,19,51.446,17.966,19,69.175,11.247,19,82.947,18.112,19,-63.3696977568,-91.8893032207
146,146,20.1332986255,22.7574720507,24.377,11.978,19,51.446,17.966,19,69.175,11.247,19,82.947,18.112,19,-78.0146006557,-112.210868838
147,147,34.4932769921,17.0483159486,24.377,11.978,19,51.446,17.966,19,69.175,11.247,19,82.947,18.112,19,-70.7392407029,-87.94707798
148,148,17.3882504841,19.8785050163,24.377,11.978,19,51.446,17.966,19,69.175,11.247,19,82.947,18.112,19,-66.6537762898,-104.092526274
149,149,19.3925453802,16.1125181082,24.377,11.978,19,51.446,17.966,19,69.175,11.247,19,82.947,18.112,19,-57.9086936224,-96.8948710887
150,150,28.45214172,18.2568762431,24.377,11.978,19,51.446,17.966,19,69.175,11.247,19,82.947,18.112,19,-51.8641440505,-90.3161063583
151,151,20.6886776224,17.6491389475,24.377,11.978,19,51.446,17.966,19,69.175,11.247,19,82.947,18.112,19,-59.3667461537,-107.950103976
152,152,21.1570344068,19.2516807726,24.377,11.978,19,51.446,17.966,19,69.175,11.247,19,82.947,18.112,19,-66.2498788516,-103.431906686
153,153,31.263514595,16.7035037961,24.377,11.978,19,51.446,17.966,19,69.175,11.247,19,82.947,18.112,19,-75.5607852873,-95.2687958591
154,154,26.0520032198,21.1754867051,24.377,11.978,19,51.446,17.966,19,69.175,11.247,19,82.947,18.112,19,-66.6832126918,-94.8068276848
155,155,26.3482666188,19.038635816,24.377,11.978,19,51.446,17.966,19,69.175,11.247,19,82.947,18.112,19,-68.272950781,-95.1006300736
156,156,22.8593664326,17.3525633335,24.377,11.978,19,51.446,17.966,19,69.175,11.247,19,82.947,18.112,19,-59.7128259663,-100.699620996
157,157,18.2824768965,17.9020353975,24.377,11.978,19,51.446,17.966,19,69.175,11.247,19,82.947,18.112,19,-73.9581320718,-106.245414883
158,158,9.35073663029,18.2857448862,24.377,11.978,19,51.446,17.966,19,69.175,11.247,19,82.947,18.112,19,-85.9083537812,-106.085889938
159,159,15.7103866722,16.6560440024,24.377,11.978,19,51.446,17.966,19,69.175,11.247,19,82.947,18.112,19,-74.7347563358,-105.943373192
160,160,33.2950525012,24.4330832027,24.377,11.978,19,51.446,17.966,19,69.175,11.247,19,82.947,18.112,19,-73.5616422901,-90.5232860458
161,161,25.1192671441,19.224765129,24.377,11.978,19,51.446,17.966,19,69.175,11.247,19,82.947,18.112,19,-67.9214332998,-98.3753700616
162,162,49.0693873013,20.3566145216,51.446,17.966,19,69.175,11.247,19,24.377,11.978,19,82.947,18.112,19,-43.9057371612,-97.6487105318
163,163,40.2004184412,21.2120788365,51.446,17.966,19,24.377,11.978,19,69.175,11.247,19,82.947,18.112,19,-76.4644290769,-85.4637568065
164,164,21.9368023694,18.2431702289,24.377,11.978,19,51.446,17.966,19,69.175,11.247,19,82.947,18.112,19,-69.2774048363,-100.610777895
165,165,40.0064560758,18.9230468377,51.446,17.966,19,24.377,11.978,19,69.175,11.247,19,82.947,18.112,19,-76.4592852804,-84.9871968374
166,166,25.8051202569,17.4722551396,24.377,11.978,19,51.446,17.966,19,69.175,11.247,19,82.947,18.112,19,-64.4334382733,-99.8037214167
167,167,2.6405979494,18.4940724759,24.377,11.978,19,51.446,17.966,19,69.175,11.247,19,82.947,18.112,19,-87.6449558841,-115.301834866
168,168,48.0513042111,20.3655574428,51.446,17.966,19,69.175,11.247,19,24.377,11.978,19,82.947,18.112,19,-43.922692912,-77.7214346715
169,169,11.9574866152,17.0207570702,24.377,11.978,19,51.446,17.966,19,69.175,11.247,19,82.947,18.112,19,-81.7476878399,-109.157955124
170,170,21.0428025147,19.6137786807,24.377,11.978,19,51.446,17.966,19,69.175,11.247,19,82.947,18.112,19,-65.2186895525,-104.765462029
171,171,30.7427660596,21.0234727922,24.377,11.978,19,51.446,17.966,19,69.175,11.247,19,82.947,18.112,19,-78.4757525248,-90.3407855202
172,172,32.9315811114,21.891994671,24.377,11.978,19,51.446,17.966,19,69.175,11.247,19,82.947,18.112,19,-89.7736617954,-89.9227835778
173,173,33.5586121327,17.2817634385,24.377,11.978,19,51.446,17.966,19,69.175,11.247,19,82.947,18.112,19,-83.4395014381,-90.2169562711
174,174,34.108807588,18.007288056,24.377,11.978,19,51.446,17.966,19,69.175,11.247,19,82.947,18.112,19,-67.3466294235,-86.9859340656
175,175,21.2951602105,21.8945635953,24.377,11.978,19,51.446,17.966,19,69.175,11.247,19,82.947,18.112,19,-72.8395623718,-97.2934213484
176,176,46.9755630627,16.9063361337,51.446,17.966,19,69.175,11.247,19,24.377,11.978,19,82.947,18.112,19,-42.6190813366,-92.5456083513
177,177,32.1700731246,19.3996636784,24.377,11.978,19,51.446,17.966,19,69.175,11.247,19,82.947,18.112,19,-68.9842050527,-88.1606382415
178,178,29.4393797907,20.5480732591,24.377,11.978,19,51.446,17.966,19,69.175,11.247,19,82.947,18.112,19,-75.2663313959,-95.9440460948
179,179,14.3945225644,16.8528778672,24.377,11.978,19,51.446,17.966,19,69.175,11.247,19,82.947,18.112,19,-66.2473792297,-107.43056711
180,180,33.3935906741,19.3127049433,24.377,11.978,19,51.446,17.966,19,69.175,11.247,19,82.947,18.112,19,-79.0949980695,-87.6093917617
181,181,43.7565859466,19.1496925642,51.446,17.966,19,24.377,11.978,19,69.175,11.247,19,82.947,18.112,19,-65.7151274048,-79.8226022226
182,182,17.9265781,22.1013783435,24.377,11.978,19,51.446,17.966,19,69.175,11.247,19,82.947,18.112,19,-74.1217197529,-103.465201706
183,183,40.7485820635,21.9823574931,51.446,17.966,19,24.377,11.978,19,69.175,11.247,19,82.947,18.112,19,-70.7586457697,-83.7606191509
184,184,32.2433450729,17.0962492367,24.377,11.978,19,51.446,17.966,19,69.175,11.247,19,82.947,18.112,19,-70.4417934112,-93.4302737043
185,185,26.7523923669,19.414011498,24.377,11.978,19,51.446,17.966,19,69.175,11.247,19,82.947,18.112,19,-65.6615601667,-100.481433267
186,186,19.9765229292,21.3450679926,24.377,11.978,19,51.446,17.966,19,69.175,11.247,19,82.947,18.112,19,-75.0063228111,-98.4791541808
187,187,20.031556743,20.6490666945,24.377,11.978,19,51.446,17.966,19,69.175,11.247,19,82.947,18.112,19,-66.530879991,-93.1111635635
188,188,27.6218691823,17.8156701083,24.377,11.978,19,51.446,17.966,19,69.175,11.247,19,82.947,18.112,19,-53.0509711728,-90.4800354936
189,189,38.2657726515,16.191884743,51.446,17.966,19,24.377,11.978,19,69.175,11.247,19,82.947,18.112,19,-71.7030001942,-81.1560962147
190,190,33.9718631146,19.1513027769,24.377,11.978,19,51.446,17.966,19,69.175,11.247,19,82.947,18.112,19,-78.4834969065,-81.4988677073
191,191,35.6228948502,15.7301913351,24.377,11.978,19,51.446,17.966,19,69.175,11.247,19,82.947,18.112,19,-75.90976434,-79.9011357336
192,192,32.2153349659,17.8520170896,24.377,11.978,19,51.446,17.966,19,69.175,11.247,19,82.947,18.112,19,-70.8848130815,-88.9406050728
193,193,32.1817553479,19.0032305767,24.377,11.978,19,51.446,17.966,19,69.175,11.247,19,82.947,18.112,19,-79.8587033971,-85.6457528478
194,194,33.9680365821,20.534886011,24.377,11.978,19,51.446,17.966,19,69.175,11.247,19,82.947,18.112,19,-76.9411505782,-87.3390341906
195,195,29.0940487198,17.4032482294,24.377,11.978,19,51.446,17.966,19,69.175,11.247,19,82.947,18.112,19,-60.3064605274,-84.2355933805
196,196,24.0330797322,16.4891339868,24.377,11.978,19,51.446,17.966,19,69.175,11.247,19,82.947,18.112,19,-47.8381248293,-102.413458272
197,197,36.9624020455,24.3750119258,51.446,17.966,19,24.377,11.978,19,69.175,11.247,19,82.947,18.112,19,-86.3709778366,-88.0225710563
198,198,37.8263477976,20.4876491015,51.446,17.966,19,24.377,11.978,19,69.175,11.247,19,82.947,18.112,19,-82.3809513751,-85.4373694658
199,199,32.1343227392,21.395330984,24.377,11.978,19,51.446,17.966,19,69.175,11.247,19,82.947,18.112,19,-79.7826323734,-87.9623387837
200,200,27.4059348877,18.737343549,24.377,11.978,19,51.446,17.966,19,69.175,11.247,19,82.947,18.112,19,-69.3078055266,-87.6684421786
201,201,24.8894193123,17.6358855059,24.377,11.978,19,51.446,17.966,19,69.175,11.247,19,82.947,18.112,19,-61.362968717,-93.4387125501
202,202,40.6280738956,17.0928882531,51.446,17.966,19,24.377,11.978,19,69.175,11.247,19,82.947,18.112,19,-75.8248092232,-89.5165702016
203,203,12.8916699625,12.2289288232,24.377,11.978,19,51.446,17.966,19,69.175,11.247,19,82.947,18.112,19,-74.2576349994,-108.854876005
204,204,19.7710993403,16.3826095132,24.377,11.978,19,51.446,17.966,19,69.175,11.247,19,82.947,18.112,19,-56.4998264943,-102.172681684
205,205,34.7054677852,16.9649483986,24.377,11.978,19,51.446,17.966,19,69.175,11.247,19,82.947,18.112,19,-75.4300868642,-82.5441880961
206,206,19.2345172782,18.0875070399,24.377,11.978,19,51.446,17.966,19,69.175,11.247,19,82.947,18.112,19,-60.0716043439,-98.5884450004
207,207,24.9316601377,19.1533679413,24.377,11.978,19,51.446,17.966,19,69.175,11.247,19,82.947,18.112,19,-60.5770760175,-95.3451537142
208,208,35.1022470087,16.0003301891,24.377,11.978,19,51.446,17.966,19,69.175,11.247,19,82.947,18.112,19,-57.7507278628,-83.8229017093
209,209,40.3931410862,17.0153514191,51.446,17.966,19,24.377,11.978,19,69.175,11.247,19,82.947,18.112,19,-77.4168447439,-83.1280368673
210,210,25.5460097628,18.6411926414,24.377,11.978,19,51.446,17.966,19,69.175,11.247,19,82.947,18.112,19,-58.6761391442,-94.1309953303
211,211,19.915783496,22.6663172747,24.377,11.978,19,51.446,17.966,19,69.175,11.247,19,82.947,18.112,19,-75.9075696525,-94.2410597857
212,212,31.5463387186,17.0331902131,24.377,11.978,19,51.446,17.966,19,69.175,11.247,19,82.947,18.112,19,-70.052730032,-98.8524455156
213,213,37.0345555802,19.2683770867,51.446,17.966,19,24.377,11.978,19,69.175,11.247,19,82.947,18.112,19,-81.0342351856,-83.7909614911
214,214,27.7506268025,21.2908600593,24.377,11.978,19,51.446,17.966,19,69.175,11.247,19,82.947,18.112,19,-67.5703396092,-90.2153265065
215,215,38.6118617042,22.0310883467,51.446,17.966,19,24.377,11.978,19,69.175,11.247,19,82.947,18.112,19,-76.667579485,-81.6907302422
216,216,17.218436388,16.5066977132,24.377,11.978,19,51.446,17.966,19,69.175,11.247,19,82.947,18.112,19,-68.6588877901,-106.782903419
217,217,28.948016923,16.2678668344,24.377,11.978,19,51.446,17.966,19,69.175,11.247,19,82.947,18.112,19,-51.711712314,-103.354445782
218,218,29.6452200911,22.0478500802,24.377,11.978,19,51.446,17.966,19,69.175,11.247,19,82.947,18.112,19,-77.102351911,-96.9714786318
219,219,37.692526665,20.0050552585,51.446,17.966,19,24.377,11.978,19,69.175,11.247,19,82.947,18.112,19,-81.4670533699,-83.3528916395
220,220,34.6219529659,18.5648382953,24.377,11.978,19,51.446,17.966,19,69.175,11.247,19,82.947,18.112,19,-76.9266302598,-79.342696987
221,221,30.4493250923,14.7307154136,24.377,11.978,19,51.446,17.966,19,69.175,11.247,19,82.947,18.112,19,-58.3807640045,-81.2961783845
222,222,20.4143002963,16.3581204613,24.377,11.978,19,51.446,17.966,19,69.175,11.247,19,82.947,18.112,19,-63.2006243298,-98.251864033
223,223,24.6737044176,22.8106376352,24.377,11.978,19,51.446,17.966,19,69.175,11.247,19,82.947,18.112,19,-77.0290759883,-96.016899061
224,224,19.5017064599,18.2111393785,24.377,11.978,19,51.446,17.966,19,69.175,11.247,19,82.947,18.112,19,-68.5254416368,-103.74614886
225,225,22.6449077449,18.8787139107,24.377,11.978,19,51.446,17.966,19,69.175,11.247,19,82.947,18.112,19,-62.993765054,-94.7079695565
226,226,50.5635584551,22.2035511736,51.446,17.966,19,69.175,11.247,19,24.377,11.978,19,82.947,18.112,19,-49.3441303213,-91.7271263714
227,227,27.6854684974,20.2168305962,24.377,11.978,19,51.446,17.966,19,69.175,11.247,19,82.947,18.112,19,-59.1989725593,-99.6494718057
228,228,24.9567727195,20.7297010506,24.377,11.978,19,51.446,17.966,19,69.175,11.247,19,82.947,18.112,19,-61.5096517789,-89.9707002033
229,229,38.0077402326,23.7880987856,51.446,17.966,19,24.377,11.978,19,69.175,11.247,19,82.947,18.112,19,-87.0765190899,-89.4920701441
230,230,40.8879151549,20.5559144581,51.446,17.966,19,24.377,11.978,19,69.175,11.247,19,82.947,18.112,19,-66.3962328773,-91.8681789394
231,231,36.4816324861,13.935519025,24.377,11.978,19,51.446,17.966,19,69.175,11.247,19,82.947,18.112,19,-75.3177564836,-82.1763506778
232,232,26.9828858284,19.6352088907,24.377,11.978,19,51.446,17.966,19,69.175,11.247,19,82.947,18.112,19,-61.4108086379,-89.5295241014
233,233,27.9579272706,17.4900241308,24.377,11.978,19,51.446,17.966,19,69.175,11.247,19,82.947,18.112,19,-62.5226641251,-90.9648101933
234,234,18.4988146351,20.0219030973,24.377,11.978,19,51.446,17.966,19,69.175,11.247,19,82.947,18.112,19,-70.1312847691,-93.4983853827
235,235,14.5861341961,19.7252225659,24.377,11.978,19,51.446,17.966,19,69.175,11.247,19,82.947,18.112,19,-83.0661694842,-98.5280602557
236,236,31.6173045368,19.7880738317,24.377,11.978,19,51.446,17.966,19,69.175,11.247,19,82.947,18.112,19,-73.6648300519,-86.3888574286
237,237,28.5647394959,17.9046585253,24.377,11.978,19,51.446,17.966,19,69.175,11.247,19,82.947,18.112,19,-58.916308736,-88.6586065423
238,238,30.0453870888,19.6962569143,24.377,11.978,19,51.446,17.966,19,69.175,11.247,19,82.947,18.112,19,-67.651124563,-94.4849207927
239,239,33.5496305872,17.6736576164,24.377,11.978,19,51.446,17.966,19,69.175,11.247,19,82.947,18.112,19,-72.2390627522,-83.5912864063
240,240,87.1401989832,6.78858112111,82.947,18.112,19,69.175,11.247,19,51.446,17.966,19,24.377,11.978,19,-74.3417712224,-79.9950301271
241,241,79.9901147031,2.22252955036,69.175,11.247,19,82.947,18.112,19,51.446,17.966,19,24.377,11.978,19,-78.6539232089,-79.3383424047
242,242,66.3050380975,6.7635592197,69.175,11.247,19,51.446,17.966,19,82.947,18.112,19,24.377,11.978,19,-54.5885395175,-90.2605244903
243,243,73.8813435998,5.19326887929,69.175,11.247,19,82.947,18.112,19,51.446,17.966,19,24.377,11.978,19,-68.7631861279,-89.8185450763
244,244,87.2112294573,4.31687498441,82.947,18.112,19,69.175,11.247,19,51.446,17.966,19,24.377,11.978,19,-77.575459609,-79.551619044
245,245,61.1798471911,8.49887866241,69.175,11.247,19,51.446,17.966,19,82.947,18.112,19,24.377,11.978,19,-68.2833106398,-72.7386689409
246,246,58.965729654,8.18296264556,69.175,11.247,19,51.446,17.966,19,82.947,18.112,19,24.377,11.978,19,-67.6837192555,-89.1350856437
247,247,72.438737747,6.88316502834,69.175,11.247,19,82.947,18.112,19,51.446,17.966,19,24.377,11.978,19,-59.7495581862,-78.8091720186
248,248,66.7136806433,4.07997275484,69.175,11.247,19,51.446,17.966,19,82.947,18.112,19,24.377,11.978,19,-69.7906254368,-86.9593015551
249,249,83.4437488578,1.2582401239,82.947,18.112,19,69.175,11.247,19,51.446,17.966,19,24.377,11.978,19,-72.1991695569,-89.1054173168
250,250,81.0505357791,6.35610188884,82.947,18.112,19,69.175,11.247,19,51.446,17.966,19,24.377,11.978,19,-76.2482472392,-77.963905445
251,251,62.2985836408,7.47445722997,69.175,11.247,19,51.446,17.966,19,82.947,18.112,19,24.377,11.978,19,-66.6611284511,-84.6136645162
252,252,75.7485821946,7.22006713404,69.175,11.247,19,82.947,18.112,19,51.446,17.966,19,24.377,11.978,19,-69.0285490972,-84.4094489006
253,253,75.4446942075,5.35076914986,69.175,11.247,19,82.947,18.112,19,51.446,17.966,19,24.377,11.978,19,-67.5631254729,-91.9208699877
254,254,63.5698783449,6.62708786687,69.175,11.247,19,51.446,17.966,19,82.947,18.112,19,24.377,11.978,19,-57.6894428132,-90.1060245574
255,255,75.9710066128,8.30733608916,69.175,11.247,19,82.947,18.112,19,51.446,17.966,19,24.377,11.978,19,-67.6457306213,-72.9278178273
256,256,63.4911846526,7.40844099088,69.175,11.247,19,51.446,17.966,19,82.947,18.112,19,24.377,11.978,19,-58.2044693311,-95.6917884711
257,257,66.8590244846,5.55934352262,69.175,11.247,19,51.446,17.966,19,82.947,18.112,19,24.377,11.978,19,-61.9834274631,-86.1005542538
258,258,64.9587792369,6.96189976045,69.175,11.247,19,51.446,17.966,19,82.947,18.112,19,24.377,11.978,19,-64.7260860134,-86.0190970686
259,259,73.8086940059,4.39889933646,69.175,11.247,19,82.947,18.112,19,51.446,17.966,19,24.377,11.978,19,-62.7858482137,-80.76063593
260,260,60.9378718893,3.76394922292,69.175,11.247,19,51.446,17.966,19,82.947,18.112,19,24.377,11.978,19,-77.6464416745,-86.4021136472
261,261,61.8413608582,8.05501843535,69.175,11.247,19,51.446,17.966,19,82.947,18.112,19,24.377,11.978,19,-63.3397804596,-80.0462782674
262,262,51.3679904491,3.06430610158,51.446,17.966,19,69.175,11.247,19,24.377,11.978,19,82.947,18.112,19,-74.0191662583,-91.0087581656
263,263,62.7746359436,6.4214495121,69.175,11.247,19,51.446,17.966,19,82.947,18.112,19,24.377,11.978,19,-67.8671285828,-82.3512071121
264,264,60.0417584513,3.61685276036,69.175,11.247,19,51.446,17.966,19,82.947,18.112,19,24.377,11.978,19,-76.4508754405,-93.1942240491
265,265,76.476781469,4.48141013346,69.175,11.247,19,82.947,18.112,19,51.446,17.966,19,24.377,11.978,19,-73.2762378618,-79.3855973217
266,266,62.4946852602,4.71570337562,69.175,11.247,19,51.446,17.966,19,82.947,18.112,19,24.377,11.978,19,-68.9416306337,-80.5153109867
267,267,69.4082758061,6.24759293461,69.175,11.247,19,82.947,18.112,19,51.446,17.966,19,24.377,11.978,19,-61.4064066107,-90.8883985531
268,268,81.415361281,4.38106308761,82.947,18.112,19,69.175,11.247,19,51.446,17.966,19,24.377,11.978,19,-78.1655081555,-79.2731172843
269,269,77.6121819211,9.16634953983,69.175,11.247,19,82.947,18.112,19,51.446,17.966,19,24.377,11.978,19,-61.202196595,-75.4169793032
270,270,88.3989301727,5.37140452206,82.947,18.112,19,69.175,11.247,19,51.446,17.966,19,24.377,11.978,19,-73.8875520614,-86.9498095779
271,271,72.0359900599,5.24851776391,69.175,11.247,19,82.947,18.112,19,51.446,17.966,19,24.377,11.978,19,-61.8277111525,-81.0218235634
272,272,79.4800714264,3.49361337107,69.175,11.247,19,82.947,18.112,19,51.446,17.966,19,24.377,11.978,19,-71.8309261657,-73.8607493306
273,273,72.0585931573,2.92647702274,69.175,11.247,19,82.947,18.112,19,51.446,17.966,19,24.377,11.978,19,-65.030726668,-80.0487014161
274,274,67.5253558099,8.20910923611,69.175,11.247,19,82.947,18.112,19,51.446,17.966,19,24.377,11.978,19,-37.5599958208,-77.42726578
275,275,70.5139371638,5.23939430811,69.175,11.247,19,82.947,18.112,19,51.446,17.966,19,24.377,11.978,19,-53.9933921834,-90.4127172517
276,276,72.5692522489,5.04978637012,69.175,11.247,19,82.947,18.112,19,51.446,17.966,19,24.377,11.978,19,-59.6802449117,-93.1618860084
277,277,69.5258812516,6.16358122112,69.175,11.247,19,82.947,18.112,19,51.446,17.966,19,24.377,11.978,19,-58.4073499231,-83.1990408107
278,278,56.2893540134,3.44206609781,69.175,11.247,19,51.446,17.966,19,82.947,18.112,19,24.377,11.978,19,-75.9371727169,-83.0643085216
279,279,74.5649762938,1.70313934543,69.175,11.247,19,82.947,18.112,19,51.446,17.966,19,24.377,11.978,19,-69.8514568592,-82.1663587851
280,280,60.935361866,5.68336997185,69.175,11.247,19,51.446,17.966,19,82.947,18.112,19,24.377,11.978,19,-69.4730011237,-71.018085584
281,281,57.7953421548,2.68838209068,69.175,11.247,19,51.446,17.966,19,82.947,18.112,19,24.377,11.978,19,-69.5695264629,-82.3137358855
282,282,75.4610880978,5.69639636826,69.175,11.247,19,82.947,18.112,19,51.446,17.966,19,24.377,11.978,19,-75.335207367,-79.2312862492
283,283,63.3756588927,3.60654618295,69.175,11.247,19,51.446,17.966,19,82.947,18.112,19,24.377,11.978,19,-63.9858490488,-78.5297879248
284,284,71.3420189852,8.740952419,69.175,11.247,19,82.947,18.112,19,51.446,17.966,19,24.377,11.978,19,-32.9137345419,-75.8531023121
285,285,72.0031995996,4.45496880614,69.175,11.247,19,82.947,18.112,19,51.446,17.966,19,24.377,11.978,19,-58.3914729776,-83.9735060141
286,286,54.8190817509,5.78327132079,51.446,17.966,19,69.175,11.247,19,82.947,18.112,19,24.377,11.978,19,-75.4215060442,-77.7234248039
287,287,55.5863718351,4.21398892087,51.446,17.966,19,69.175,11.247,19,82.947,18.112,19,24.377,11.978,19,-79.6731953133,-79.7907462431
288,288,78.3641938347,6.83020254034,69.175,11.247,19,82.947,18.112,19,51.446,17.966,19,24.377,11.978,19,-69.9729720924,-74.3970105833
289,289,63.742739715,7.97803442331,69.175,11.247,19,51.446,17.966,19,82.947,18.112,19,24.377,11.978,19,-63.0285393838,-83.6870824388
290,290,71.5076441418,3.3098590164,69.175,11.247,19,82.947,18.112,19,51.446,17.966,19,24.377,11.978,19,-63.7767660401,-88.4372243303
291,291,63.0863707247,8.20943015386,69.175,11.247,19,51.446,17.966,19,82.947,18.112,19,24.377,11.978,19,-53.0285153765,-87.9816652188
292,292,76.3886397664,5.36071425951,69.175,11.247,19,82.947,18.112,19,51.446,17.966,19,24.377,11.978,19,-70.2933066215,-83.5951374343
293,293,67.1299896226,10.1671899216,69.175,11.247,19,51.446,17.966,19,82.947,18.112,19,24.377,11.978,19,-33.6896123145,-90.3309147778
294,294,60.0657669831,6.37164523963,69.175,11.247,19,51.446,17.966,19,82.947,18.112,19,24.377,11.978,19,-72.4593737694,-79.9952191093
295,295,68.6617499617,9.06850992315,69.175,11.247,19,82.947,18.112,19,51.446,17.966,19,24.377,11.978,19,-30.8968474853,-88.5327096738
296,296,70.8415371298,2.90612429164,69.175,11.247,19,82.947,18.112,19,51.446,17.966,19,24.377,11.978,19,-60.7415514185,-91.6552947735
297,297,55.50213313,9.09560635272,51.446,17.966,19,69.175,11.247,19,82.947,18.112,19,24.377,11.978,19,-68.300495338,-68.8277559985
298,298,68.0018105335,5.13891272451,69.175,11.247,19,82.947,18.112,19,51.446,17.966,19,24.377,11.978,19,-54.3991880443,-81.2049805407
299,299,81.0019043264,9.32713413961,82.947,18.112,19,69.175,11.247,19,51.446,17.966,19,24.377,11.978,19,-57.548505467,-79.5716249777
300,300,72.3329943711,6.48771494577,69.175,11.247,19,82.947,18.112,19,51.446,17.966,19,24.377,11.978,19,-49.8387206531,-76.0089931558
301,301,77.0921182973,9.23960251535,69.175,11.247,19,82.947,18.112,19,51.446,17.966,19,24.377,11.978,19,-65.5646898457,-74.5455024321
302,302,74.9903497057,1.79445222625,69.175,11.247,19,82.947,18.112,19,51.446,17.966,19,24.377,11.978,19,-67.4759890494,-78.9994362399
303,303,80.9614700403,7.11295351268,82.947,18.112,19,69.175,11.247,19,51.446,17.966,19,24.377,11.978,19,-73.6738591561,-82.406808067
304,304,65.6245081093,4.80127607306,69.175,11.247,19,51.446,17.966,19,82.947,18.112,19,24.377,11.978,19,-66.305050737,-83.9388657358
305,305,79.6466882245,4.87002592709,69.175,11.247,19,82.947,18.112,19,51.446,17.966,19,24.377,11.978,19,-78.8079233365,-81.802452348
306,306,78.326850253,6.05624564027,69.175,11.247,19,82.947,18.112,19,51.446,17.966,19,24.377,11.978,19,-64.27740368,-75.3334835115
307,307,69.6720301433,6.98855439853,69.175,11.247,19,82.947,18.112,19,51.446,17.966,19,24.377,11.978,19,-49.5203581285,-83.5009101795
308,308,58.1079232612,5.77074452733,69.175,11.247,19,51.446,17.966,19,82.947,18.112,19,24.377,11.978,19,-75.4355819459,-84.7460033183
309,309,53.3381208688,3.37114200114,51.446,17.966,19,69.175,11.247,19,24.377,11.978,19,82.947,18.112,19,-80.8980212698,-89.859186989
310,310,66.9375445356,5.08022276639,69.175,11.247,19,51.446,17.966,19,82.947,18.112,19,24.377,11.978,19,-55.5842067466,-88.7982216593
311,311,74.2200578051,8.08114752426,69.175,11.247,19,82.947,18.112,19,51.446,17.966,19,24.377,11.978,19,-58.6618029478,-71.6277336838
312,312,90.6649212168,6.94497522984,82.947,18.112,19,69.175,11.247,19,51.446,17.966,19,24.377,11.978,19,-76.0087445004,-97.6225683723
313,313,86.5446160687,5.81462173658,82.947,18.112,19,69.175,11.247,19,51.446,17.966,19,24.377,11.978,19,-76.4716535887,-88.4719144289
314,314,60.8042608392,5.50722417778,69.175,11.247,19,51.446,17.966,19,82.947,18.112,19,24.377,11.978,19,-74.9456432817,-81.927005679
315,315,59.7133835355,7.7261791649,69.175,11.247,19,51.446,17.966,19,82.947,18.112,19,24.377,11.978,19,-75.5709810084,-76.4420012074
316,316,56.5636562408,5.10292159215,51.446,17.966,19,69.175,11.247,19,82.947,18.112,19,24.377,11.978,19,-78.3201683605,-79.4758144671
317,317,72.7682230698,4.48483931139,69.175,11.247,19,82.947,18.112,19,51.446,17.966,19,24.377,11.978,19,-64.4903322201,-90.5878331687
318,318,76.7800085255,5.40622138176,69.175,11.247,19,82.947,18.112,19,51.446,17.966,19,24.377,11.978,19,-70.4814509737,-77.0343379023
319,319,66.5964643155,2.76451746891,69.175,11.247,19,51.446,17.966,19,82.947,18.112,19,24.377,11.978,19,-67.3062296938,-82.2966069491
320,320,92.1397511846,7.14564973115,82.947,18.112,19,69.175,11.247,19,51.446,17.966,19,24.377,11.978,19,-85.4384016355,-88.1763149869
321,321,67.9594968139,10.3669288568,69.175,11.247,19,82.947,18.112,19,51.446,17.966,19,24.377,11.978,19,-14.0975564973,-85.9108837847
322,322,84.4601352768,4.97116698017,82.947,18.112,19,69.175,11.247,19,51.446,17.966,19,24.377,11.978,19,-67.8018706449,-86.1154373621
323,323,85.9567605363,6.44129215941,82.947,18.112,19,69.175,11.247,19,51.446,17.966,19,24.377,11.978,19,-78.1388668392,-79.9709190302
324,324,75.5485189675,4.08432825786,69.175,11.247,19,82.947,18.112,19,51.446,17.966,19,24.377,11.978,19,-61.9253468312,-82.9869432749
325,325,67.9689405013,3.99948303555,69.175,11.247,19,82.947,18.112,19,51.446,17.966,19,24.377,11.978,19,-63.5458408324,-91.974800725
326,326,47.639305667,5.25695746263,51.446,17.966,19,69.175,11.247,19,24.377,11.978,19,82.947,18.112,19,-81.571085477,-88.2890515877
327,327,74.543353779,8.25652455104,69.175,11.247,19,82.947,18.112,19,51.446,17.966,19,24.377,11.978,19,-58.6150797068,-80.0743440811
328,328,80.4416180215,6.34247541257,82.947,18.112,19,69.175,11.247,19,51.446,17.966,19,24.377,11.978,19,-70.06268303,-72.8645067462
329,329,69.2248236932,6.94464918597,69.175,11.247,19,82.947,18.112,19,51.446,17.966,19,24.377,11.978,19,-49.3225642854,-80.1277710005
330,330,68.465890567,8.2052134768,69.175,11.247,19,82.947,18.112,19,51.446,17.966,19,24.377,11.978,19,-31.9320975606,-86.9115883482
331,331,65.4429970308,9.45716209832,69.175,11.247,19,51.446,17.966,19,82.947,18.112,19,24.377,11.978,19,-45.8668555378,-82.9676702007
332,332,69.5276434877,3.640477612,69.175,11.247,19,82.947,18.112,19,51.446,17.966,19,24.377,11.978,19,-64.6390202895,-87.5657445733
333,333,70.397382162,3.74187288941,69.175,11.247,19,82.947,18.112,19,51.446,17.966,19,24.377,11.978,19,-70.815649561,-84.6371700268
334,334,78.7421081195,5.08727498043,69.175,11.247,19,82.947,18.112,19,51.446,17.966,19,24.377,11.978,19,-76.2874677909,-81.7052993432
335,335,77.2723351878,2.00519960127,69.175,11.247,19,82.947,18.112,19,51.446,17.966,19,24.377,11.978,19,-67.9802267142,-89.414709431
336,336,68.9349016937,5.86021277014,69.175,11.247,19,82.947,18.112,19,51.446,17.966,19,24.377,11.978,19,-66.7566950497,-84.1701579361
337,337,73.6864039563,4.51039042481,69.175,11.247,19,82.947,18.112,19,51.446,17.966,19,24.377,11.978,19,-69.5609910727,-80.337722885
338,338,75.1807209657,6.72037632318,69.175,11.247,19,82.947,18.112,19,51.446,17.966,19,24.377,11.978,19,-62.6430337065,-80.0052157306
339,339,66.5729958522,2.7596500978,69.175,11.247,19,51.446,17.966,19,82.947,18.112,19,24.377,11.978,19,-64.8569944684,-88.0530378624
340,340,81.3518855588,6.11115448192,82.947,18.112,19,69.175,11.247,19,51.446,17.966,19,24.377,11.978,19,-66.2984464793,-71.3245680721
341,341,73.5339408182,3.76787280527,69.175,11.247,19,82.947,18.112,19,51.446,17.966,19,24.377,11.978,19,-68.2487813812,-91.0020213683
342,342,75.2100954012,8.68724820015,69.175,11.247,19,82.947,18.112,19,51.446,17.966,19,24.377,11.978,19,-62.5401575395,-74.974636381
343,343,91.0333833471,4.38292294968,82.947,18.112,19,69.175,11.247,19,51.446,17.966,19,24.377,11.978,19,-77.9843042338,-93.4860500367
344,344,62.6698021146,6.34899425845,69.175,11.247,19,51.446,17.966,19,82.947,18.112,19,24.377,11.978,19,-63.493441755,-83.9535289433
345,345,83.7577558501,6.50574420202,82.947,18.112,19,69.175,11.247,19,51.446,17.966,19,24.377,11.978,19,-75.2391639258,-78.2271577444
346,346,67.5554888106,9.25225736195,69.175,11.247,19,82.947,18.112,19,51.446,17.966,19,24.377,11.978,19,-36.0395563756,-76.8516421096
347,347,55.2523425437,2.45502916424,51.446,17.966,19,69.175,11.247,19,82.947,18.112,19,24.377,11.978,19,-80.5661139163,-80.8175175026
348,348,73.1957960518,4.48185502473,69.175,11.247,19,82.947,18.112,19,51.446,17.966,19,24.377,11.978,19,-60.3457101898,-82.8509233138
349,349,83.1776929296,4.5447903076,82.947,18.112,19,69.175,11.247,19,51.446,17.966,19,24.377,11.978,19,-76.9503919357,-80.6344892341
350,350,76.2486422009,7.71376542557,69.175,11.247,19,82.947,18.112,19,51.446,17.966,19,24.377,11.978,19,-68.5353973391,-74.408330597
351,351,80.979821773,5.49267013094,82.947,18.112,19,69.175,11.247,19,51.446,17.966,19,24.377,11.978,19,-78.4701138928,-78.8165001487
352,352,66.8761718529,5.12355998498,69.175,11.247,19,51.446,17.966,19,82.947,18.112,19,24.377,11.978,19,-60.2313713289,-87.9947442014
353,353,74.8746508373,3.32115127973,69.175,11.247,19,82.947,18.112,19,51.446,17.966,19,24.377,11.978,19,-73.089178838,-88.8927760666
354,354,79.9542522876,7.76597134231,82.947,18.112,19,69.175,11.247,19,51.446,17.966,19,24.377,11.978,19,-73.3944268836,-76.2407813904
355,355,60.2596359277,6.82942514751,69.175,11.247,19,51.446,17.966,19,82.947,18.112,19,24.377,11.978,19,-68.0861948727,-78.3889161005
356,356,71.8661812569,7.22502532626,69.175,11.247,19,82.947,18.112,19,51.446,17.966,19,24.377,11.978,19,-43.8931388821,-81.1911474171
357,357,72.8535048888,5.80727444616,69.175,11.247,19,82.947,18.112,19,51.446,17.966,19,24.377,11.978,19,-49.6563215187,-75.9542413373
358,358,56.2885355376,6.7885026774,51.446,17.966,19,69.175,11.247,19,82.947,18.112,19,24.377,11.978,19,-73.8385186291,-77.0563472189
359,359,65.2636872631,7.25610451456,69.175,11.247,19,51.446,17.966,19,82.947,18.112,19,24.377,11.978,19,-54.4625131231,-83.5772256695
360,360,72.1799639034,17.1919292958,69.175,11.247,19,82.947,18.112,19,51.446,17.966,19,24.377,11.978,19,-65.1135807966,-74.0619019017
361,361,70.3843454542,22.9789935598,69.175,11.247,19,82.947,18.112,19,51.446,17.966,19,24.377,11.978,19,-69.0140245902,-76.0703299266
362,362,85.4736918593,19.4203064907,82.947,18.112,19,69.175,11.247,19,51.446,17.966,19,24.377,11.978,19,-38.1637599491,-79.4600132093
363,363,78.9973900342,18.2442171052,82.947,18.112,19,69.175,11.247,19,51.446,17.966,19,24.377,11.978,19,-51.7817961626,-80.7851612862
364,364,85.0953743624,17.7070537325,82.947,18.112,19,69.175,11.247,19,51.446,17.966,19,24.377,11.978,19,-28.5322473478,-78.933033975
365,365,85.0770577996,19.2357354365,82.947,18.112,19,69.175,11.247,19,51.446,17.966,19,24.377,11.978,19,-34.3223543615,-86.6076416712
366,366,67.0969800376,18.2467485503,69.175,11.247,19,51.446,17.966,19,82.947,18.112,19,24.377,11.978,19,-56.9928663738,-85.2505517106
367,367,76.5128415868,20.1814033109,82.947,18.112,19,69.175,11.247,19,51.446,17.966,19,24.377,11.978,19,-58.2667653195,-68.1199819835
368,368,78.7703231253,19.2229913061,82.947,18.112,19,69.175,11.247,19,51.446,17.966,19,24.377,11.978,19,-51.5191139262,-79.3533500923
369,369,59.5008814223,17.2500201023,51.446,17.966,19,69.175,11.247,19,82.947,18.112,19,24.377,11.978,19,-71.045389875,-80.2479558733
370,370,84.0843820787,18.4755730055,82.947,18.112,19,69.175,11.247,19,51.446,17.966,19,24.377,11.978,19,-17.1195150444,-92.6254697214
371,371,72.7280730396,21.8068872936,82.947,18.112,19,69.175,11.247,19,51.446,17.966,19,24.377,11.978,19,-62.4034916056,-74.7797623194
372,372,85.4841729152,17.7864913716,82.947,18.112,19,69.175,11.247,19,51.446,17.966,19,24.377,11.978,19,-36.5423272616,-90.6139442181
373,373,71.3142482261,19.1789705728,69.175,11.247,19,82.947,18.112,19,51.446,17.966,19,24.377,11.978,19,-70.8609824918,-85.8569618171
374,374,91.7329349715,20.1506544201,82.947,18.112,19,69.175,11.247,19,51.446,17.966,19,24.377,11.978,19,-68.0093718761,-83.2571374987
375,375,88.2259162608,18.9847887562,82.947,18.112,19,69.175,11.247,19,51.446,17.966,19,24.377,11.978,19,-55.3855515012,-90.4118850452
376,376,82.101541613,18.9417913236,82.947,18.112,19,69.175,11.247,19,51.446,17.966,19,24.377,11.978,19,-19.9556777742,-83.5952504613
377,377,84.6422229616,16.896888022,82.947,18.112,19,69.175,11.247,19,51.446,17.966,19,24.377,11.978,19,-38.977443957,-85.1714378065
378,378,78.2112507777,20.7180743593,82.947,18.112,19,69.175,11.247,19,51.446,17.966,19,24.377,11.978,19,-58.5175307733,-74.5761562241
379,379,71.0107140287,18.7171951532,69.175,11.247,19,82.947,18.112,19,51.446,17.966,19,24.377,11.978,19,-67.8355500041,-70.7115640588
380,380,85.6419181359,22.4276034534,82.947,18.112,19,69.175,11.247,19,51.446,17.966,19,24.377,11.978,19,-49.5616695796,-82.4219720621
381,381,76.6435219076,17.2974301636,82.947,18.112,19,69.175,11.247,19,51.446,17.966,19,24.377,11.978,19,-57.2669420814,-72.5945287146
382,382,81.145046144,20.0852411538,82.947,18.112,19,69.175,11.247,19,51.446,17.966,19,24.377,11.978,19,-35.210717994,-75.3548374444
383,383,76.9905306714,15.3862035008,82.947,18.112,19,69.175,11.247,19,51.446,17.966,19,24.377,11.978,19,-66.7410473838,-74.4527288965
384,384,87.8238774305,20.3256483776,82.947,18.112,19,69.175,11.247,19,51.446,17.966,19,24.377,11.978,19,-53.4099708476,-94.5592265239
385,385,76.7254053712,17.7155701107,82.947,18.112,19,69.175,11.247,19,51.446,17.966,19,24.377,11.978,19,-56.5245822328,-65.738603917
386,386,87.3758317143,20.1608701871,82.947,18.112,19,69.175,11.247,19,51.446,17.966,19,24.377,11.978,19,-51.5243841482,-91.7130176535
387,387,75.3128294323,18.8280483962,82.947,18.112,19,69.175,11.247,19,51.446,17.966,19,24.377,11.978,19,-70.4029826492,-71.3650816642
388,388,67.3264867905,20.1825559699,69.175,11.247,19,82.947,18.112,19,51.446,17.966,19,24.377,11.978,19,-66.3268460188,-84.6337302989
389,389,75.9255632554,17.3916097263,82.947,18.112,19,69.175,11.247,19,51.446,17.966,19,24.377,11.978,19,-62.2345210112,-68.2371850695
390,390,89.190457476,21.979134925,82.947,18.112,19,69.175,11.247,19,51.446,17.966,19,24.377,11.978,19,-56.8925760205,-84.6636909343
391,391,71.9108709095,23.7211638713,82.947,18.112,19,69.175,11.247,19,51.446,17.966,19,24.377,11.978,19,-71.1316137041,-86.8593543688
392,392,66.6181465729,14.3760962713,69.175,11.247,19,51.446,17.966,19,82.947,18.112,19,24.377,11.978,19,-46.9326513617,-85.0274700763
393,393,70.5349509077,21.7022305041,69.175,11.247,19,82.947,18.112,19,51.446,17.966,19,24.377,11.978,19,-79.3512228414,-87.5406106373
394,394,78.559082488,18.0898731476,82.947,18.112,19,69.175,11.247,19,51.446,17.966,19,24.377,11.978,19,-57.071103259,-64.2924579551
395,395,69.8585389381,18.8940448237,69.175,11.247,19,82.947,18.112,19,51.446,17.966,19,24.377,11.978,19,-69.2090845107,-77.4717397369
396,396,78.163375408,18.1274609664,82.947,18.112,19,69.175,11.247,19,51.446,17.966,19,24.377,11.978,19,-50.8680101166,-70.3685317873
397,397,80.0928517877,17.3812574809,82.947,18.112,19,69.175,11.247,19,51.446,17.966,19,24.377,11.978,19,-41.3389150423,-74.4190661152
398,398,86.6193858925,19.6138409816,82.947,18.112,19,69.175,11.247,19,51.446,17.966,19,24.377,11.978,19,-43.7513876992,-88.0147407116
399,399,65.4391442633,19.3607817585,69.175,11.247,19,51.446,17.966,19,82.947,18.112,19,24.377,11.978,19,-62.101826963,-80.3921378224
400,400,76.9944019879,18.6501086511,82.947,18.112,19,69.175,11.247,19,51.446,17.966,19,24.377,11.978,19,-56.0346705033,-77.5006510218
401,401,84.7327417441,16.5779806065,82.947,18.112,19,69.175,11.247,19,51.446,17.966,19,24.377,11.978,19,-32.166965246,-82.4864975309
402,402,74.8558716192,14.8009550318,69.175,11.247,19,82.947,18.112,19,51.446,17.966,19,24.377,11.978,19,-57.3691058662,-64.7619172398
403,403,89.477686467,20.2512246125,82.947,18.112,19,69.175,11.247,19,51.446,17.966,19,24.377,11.978,19,-68.1129183399,-87.5066982859
404,404,79.3119498116,17.8287428586,82.947,18.112,19,69.175,11.247,19,51.446,17.966,19,24.377,11.978,19,-42.9754631527,-75.1950895256
405,405,73.2116027685,19.243916158,69.175,11.247,19,82.947,18.112,19,51.446,17.966,19,24.377,11.978,19,-65.3230038881,-67.3125688966
406,406,71.7431014946,20.0661268877,69.175,11.247,19,82.947,18.112,19,51.446,17.966,19,24.377,11.978,19,-63.3133202134,-72.997765251
407,407,77.117347682,24.0199969166,82.947,18.112,19,69.175,11.247,19,51.446,17.966,19,24.377,11.978,19,-67.021794776,-79.6044058856
408,408,74.13074706,18.5662783436,82.947,18.112,19,69.175,11.247,19,51.446,17.966,19,24.377,11.978,19,-60.2210296653,-67.5513677252
409,409,85.0259448979,23.8903182219,82.947,18.112,19,69.175,11.247,19,51.446,17.966,19,24.377,11.978,19,-60.3466805283,-89.5475667577
410,410,65.8820431642,20.5917961833,69.175,11.247,19,51.446,17.966,19,82.947,18.112,19,24.377,11.978,19,-68.7436622978,-86.3413351571
411,411,93.6435292704,20.4974931017,82.947,18.112,19,69.175,11.247,19,51.446,17.966,19,24.377,11.978,19,-79.3328139491,-87.0653232491
412,412,85.1273405856,20.3692102907,82.947,18.112,19,69.175,11.247,19,51.446,17.966,19,24.377,11.978,19,-48.8193663928,-87.2477447096
413,413,73.5892410907,14.7130526097,69.175,11.247,19,82.947,18.112,19,51.446,17.966,19,24.377,11.978,19,-52.3855669808,-71.3585434282
414,414,82.3279765499,16.6002147965,82.947,18.112,19,69.175,11.247,19,51.446,17.966,19,24.377,11.978,19,-28.7240796061,-80.6528506688
415,415,65.3147844244,19.2033290116,69.175,11.247,19,51.446,17.966,19,82.947,18.112,19,24.377,11.978,19,-65.3781963208,-77.4864646308
416,416,83.561976066,19.8135286054,82.947,18.112,19,69.175,11.247,19,51.446,17.966,19,24.377,11.978,19,-25.6877125765,-88.399229362
417,417,91.9390766509,19.3523921429,82.947,18.112,19,69.175,11.247,19,51.446,17.966,19,24.377,11.978,19,-64.6918326936,-90.5558907763
418,418,76.2226836106,18.1203076418,82.947,18.112,19,69.175,11.247,19,51.446,17.966,19,24.377,11.978,19,-69.1374544079,-70.4105391248
419,419,77.0449740891,18.4014686923,82.947,18.112,19,69.175,11.247,19,51.446,17.966,19,24.377,11.978,19,-53.2656618916,-73.7972057978
420,420,80.220188911,22.3614121039,82.947,18.112,19,69.175,11.247,19,51.446,17.966,19,24.377,11.978,19,-50.8730412575,-77.2886882206
421,421,73.1249193595,19.0947789791,69.175,11.247,19,82.947,18.112,19,51.446,17.966,19,24.377,11.978,19,-66.8921012802,-69.5067398902
422,422,90.9833685731,18.1799119942,82.947,18.112,19,69.175,11.247,19,51.446,17.966,19,24.377,11.978,19,-64.8937577249,-98.5992813583
423,423,73.9076699708,17.7179668152,69.175,11.247,19,82.947,18.112,19,51.446,17.966,19,24.377,11.978,19,-65.4703004303,-70.9989188558
424,424,78.1496098515,16.2271812666,82.947,18.112,19,69.175,11.247,19,51.446,17.966,19,24.377,11.978,19,-52.0976762853,-65.7301447453
425,425,81.4464082513,18.4329270876,82.947,18.112,19,69.175,11.247,19,51.446,17.966,19,24.377,11.978,19,-15.8127684138,-88.5491511304
426,426,78.5455093327,21.7018941444,82.947,18.112,19,69.175,11.247,19,51.446,17.966,19,24.377,11.978,19,-61.5844654128,-80.4720130233
427,427,89.9806360284,19.5423603559,82.947,18.112,19,69.175,11.247,19,51.446,17.966,19,24.377,11.978,19,-61.6815076195,-87.2658764387
428,428,86.35004541,20.9370291728,82.947,18.112,19,69.175,11.247,19,51.446,17.966,19,24.377,11.978,19,-50.3636435223,-83.3596591782
429,429,61.969738274,20.8326239374,51.446,17.966,19,69.175,11.247,19,82.947,18.112,19,24.377,11.978,19,-71.2804965118,-73.6261479637
430,430,83.0826378666,14.6285550823,82.947,18.112,19,69.175,11.247,19,51.446,17.966,19,24.377,11.978,19,-44.9611022158,-83.0904373555
431,431,79.6050702789,17.6478364998,82.947,18.112,19,69.175,11.247,19,51.446,17.966,19,24.377,11.978,19,-44.3125980599,-83.2995035596
432,432,81.0118433339,21.5371279466,82.947,18.112,19,69.175,11.247,19,51.446,17.966,19,24.377,11.978,19,-44.6096553756,-81.0050842921
433,433,89.8904803329,18.6786656313,82.947,18.112,19,69.175,11.247,19,51.446,17.966,19,24.377,11.978,19,-60.1208737136,-93.1420105689
434,434,82.0410945833,16.0461033369,82.947,18.112,19,69.175,11.247,19,51.446,17.966,19,24.377,11.978,19,-38.7355270005,-71.8417041064
435,435,86.057211446,18.9101244334,82.947,18.112,19,69.175,11.247,19,51.446,17.966,19,24.377,11.978,19,-49.4980121439,-84.5602399127
436,436,85.9390724629,22.2289064988,82.947,18.112,19,69.175,11.247,19,51.446,17.966,19,24.377,11.978,19,-39.2843363949,-85.233813878
437,437,75.2045390037,16.8051017221,82.947,18.112,19,69.175,11.247,19,51.446,17.966,19,24.377,11.978,19,-60.690971629,-73.281124724
438,438,77.9189473679,22.1968693141,82.947,18.112,19,69.175,11.247,19,51.446,17.966,19,24.377,11.978,19,-59.9860450734,-84.24015191
439,439,72.2548009124,19.3558972249,69.175,11.247,19,82.947,18.112,19,51.446,17.966,19,24.377,11.978,19,-62.2782734053,-70.8612784869
440,440,79.730183391,19.4583276201,82.947,18.112,19,69.175,11.247,19,51.446,17.966,19,24.377,11.978,19,-38.128908682,-77.6273062127
441,441,79.4748353734,22.4532697039,82.947,18.112,19,69.175,11.247,19,51.446,17.966,19,24.377,11.978,19,-67.1060836614,-82.1761664416
442,442,78.4074421726,17.4157424089,82.947,18.112,19,69.175,11.247,19,51.446,17.966,19,24.377,11.978,19,-45.8292283902,-78.3771253641
443,443,83.7003731999,21.6468513301,82.947,18.112,19,69.175,11.247,19,51.446,17.966,19,24.377,11.978,19,-43.1830878831,-88.1037295235
444,444,87.924924808,17.5694785622,82.947,18.112,19,69.175,11.247,19,51.446,17.966,19,24.377,11.978,19,-47.8098908714,-90.3764965244
445,445,74.7987684902,17.3555802069,82.947,18.112,19,69.175,11.247,19,51.446,17.966,19,24.377,11.978,19,-67.1360039812,-75.4450620908
446,446,80.1995365055,18.8572923285,82.947,18.112,19,69.175,11.247,19,51.446,17.966,19,24.377,11.978,19,-37.8088468539,-70.191207077
447,447,72.4407490343,17.0572573884,69.175,11.247,19,82.947,18.112,19,51.446,17.966,19,24.377,11.978,19,-52.9040231356,-76.64650582
448,448,72.6002331218,17.9201634518,69.175,11.247,19,82.947,18.112,19,51.446,17.966,19,24.377,11.978,19,-56.3367236712,-65.6507348532
449,449,75.5588372402,19.7543807916,82.947,18.112,19,69.175,11.247,19,51.446,17.966,19,24.377,11.978,19,-63.7671114416,-68.0130351579
450,450,85.3673142645,17.0773456554,82.947,18.112,19,69.175,11.247,19,51.446,17.966,19,24.377,11.978,19,-40.4515115404,-81.1583306754
451,451,72.4363154536,19.3350860399,69.175,11.247,19,82.947,18.112,19,51.446,17.966,19,24.377,11.978,19,-63.1858632494,-79.2038188421
452,452,76.7077502842,17.915967888,82.947,18.112,19,69.175,11.247,19,51.446,17.966,19,24.377,11.978,19,-62.8646337302,-63.5162053321
453,453,80.2021829754,21.4325367201,82.947,18.112,19,69.175,11.247,19,51.446,17.966,19,24.377,11.978,19,-47.3396322911,-85.024887003
454,454,81.7895316417,19.079477846,82.947,18.112,19,69.175,11.247,19,51.446,17.966,19,24.377,11.978,19,-20.1018166048,-81.3445418448
455,455,78.3598425095,19.5722394161,82.947,18.112,19,69.175,11.247,19,51.446,17.966,19,24.377,11.978,19,-57.2388583578,-78.920217778
456,456,83.0918293906,16.262983724,82.947,18.112,19,69.175,11.247,19,51.446,17.966,19,24.377,11.978,19,-24.2441388069,-85.5679070276
457,457,81.8566273167,19.1817258763,82.947,18.112,19,69.175,11.247,19,51.446,17.966,19,24.377,11.978,19,-10.2331473269,-81.1137465177
458,458,82.1305253602,24.0994840929,82.947,18.112,19,69.175,11.247,19,51.446,17.966,19,24.377,11.978,19,-50.083448622,-83.950478783
459,459,69.7825353426,17.6696058846,69.175,11.247,19,82.947,18.112,19,51.446,17.966,19,24.377,11.978,19,-68.4061734461,-80.0076613075
460,460,87.3791754427,17.0328018741,82.947,18.112,19,69.175,11.247,19,51.446,17.966,19,24.377,11.978,19,-48.0613713099,-86.6750851373
461,461,80.6516417901,17.1680112132,82.947,18.112,19,69.175,11.247,19,51.446,17.966,19,24.377,11.978,19,-30.9130562746,-76.7619234342
462,462,77.7805555964,18.4271013338,82.947,18.112,19,69.175,11.247,19,51.446,17.966,19,24.377,11.978,19,-50.7174358051,-78.6682399192
463,463,73.24555055,12.6257842678,69.175,11.247,19,82.947,18.112,19,51.446,17.966,19,24.377,11.978,19,-41.9594268451,-61.5635510355
464,464,77.1667237121,19.2845613736,82.947,18.112,19,69.175,11.247,19,51.446,17.966,19,24.377,11.978,19,-53.0311037002,-75.2998933545
465,465,72.0672342524,23.2650969688,82.947,18.112,19,69.175,11.247,19,51.446,17.966,19,24.377,11.978,19,-74.906429376,-77.5414119979
466,466,72.5969076553,17.5902608976,69.175,11.247,19,82.947,18.112,19,51.446,17.966,19,24.377,11.978,19,-68.895893231,-71.5765227679
467,467,72.3546965144,17.4951923923,69.175,11.247,19,82.947,18.112,19,51.446,17.966,19,24.377,11.978,19,-63.3207328946,-80.1993468537
468,468,74.7218478848,18.9345297959,82.947,18.112,19,69.175,11.247,19,51.446,17.966,19,24.377,11.978,19,-64.1640215891,-72.0341555881
469,469,86.0703248672,20.6923505171,82.947,18.112,19,69.175,11.247,19,51.446,17.966,19,24.377,11.978,19,-45.004339065,-73.7032932023
470,470,80.6873089011,18.3088448955,82.947,18.112,19,69.175,11.247,19,51.446,17.966,19,24.377,11.978,19,-34.294221396,-69.291852305
471,471,73.9708822141,20.2649987267,82.947,18.112,19,69.175,11.247,19,51.446,17.966,19,24.377,11.978,19,-63.9783756042,-73.3932305654
472,472,74.6486290913,20.4170157933,82.947,18.112,19,69.175,11.247,19,51.446,17.966,19,24.377,11.978,19,-69.4784922039,-73.4058448303
473,473,63.2994145088,21.9962352596,69.175,11.247,19,51.446,17.966,19,82.947,18.112,19,24.377,11.978,19,-72.0497551693,-75.4374688602
474,474,73.9893936334,19.987258824,82.947,18.112,19,69.175,11.247,19,51.446,17.966,19,24.377,11.978,19,-58.5541737947,-68.3494425452
475,475,81.1316777386,17.8244186657,82.947,18.112,19,69.175,11.247,19,51.446,17.966,19,24.377,11.978,19,-26.6049106773,-77.602731101
476,476,74.2282714904,20.4885511249,82.947,18.112,19,69.175,11.247,19,51.446,17.966,19,24.377,11.978,19,-72.5034736001,-74.2845362453
477,477,80.5509957345,16.3064739819,82.947,18.112,19,69.175,11.247,19,51.446,17.966,19,24.377,11.978,19,-38.7957778704,-76.6257270583
478,478,70.7264244813,20.3520597812,69.175,11.247,19,82.947,18.112,19,51.446,17.966,19,24.377,11.978,19,-65.3433644661,-75.0880110206
