id,user_x,user_y,cell_x,cell_y,cell_power,cell_x,cell_y,cell_power,cell_x,cell_y,cell_power,cell_x,cell_y,cell_power,cell_x,cell_y,cell_power,cell_x,cell_y,cell_power,serving Rx,neighbor Rx
0,9.66760279114,4.74762475137,24.377,11.978,19,51.446,17.966,19,69.175,11.247,19,77.565,5.4045,19,82.947,18.112,19,101.31,19.135,19,-101.561113058,-108.778757748
1,47.8076741994,15.1683077346,51.446,17.966,19,69.175,11.247,19,24.377,11.978,19,77.565,5.4045,19,82.947,18.112,19,101.31,19.135,19,-92.2185633945,-103.628894375
2,59.1821921969,10.6812097409,69.175,11.247,19,51.446,17.966,19,77.565,5.4045,19,82.947,18.112,19,24.377,11.978,19,101.31,19.135,19,-97.9410218282,-98.380367831
3,71.2688750174,11.4812627488,69.175,11.247,19,77.565,5.4045,19,82.947,18.112,19,51.446,17.966,19,101.31,19.135,19,24.377,11.978,19,-86.5042746107,-96.9547677102
4,83.6360167925,13.2019992331,82.947,18.112,19,77.565,5.4045,19,69.175,11.247,19,101.31,19.135,19,51.446,17.966,19,24.377,11.978,19,-92.7853993233,-97.8475968368
5,61.3106508163,21.7317909038,51.446,17.966,19,69.175,11.247,19,82.947,18.112,19,77.565,5.4045,19,24.377,11.978,19,101.31,19.135,19,-98.3337830496,-99.9200501471
6,47.4902069633,31.8674771939,51.446,17.966,19,69.175,11.247,19,24.377,11.978,19,82.947,18.112,19,77.565,5.4045,19,101.31,19.135,19,-100.638025413,-105.979241825
7,47.2886988455,19.0849075491,51.446,17.966,19,69.175,11.247,19,24.377,11.978,19,77.565,5.4045,19,82.947,18.112,19,101.31,19.135,19,-91.7491152926,-104.126293159
8,25.4739092466,16.2654240068,24.377,11.978,19,51.446,17.966,19,69.175,11.247,19,77.565,5.4045,19,82.947,18.112,19,101.31,19.135,19,-91.9513511306,-104.955423179
9,37.9154476256,19.003876324,51.446,17.966,19,24.377,11.978,19,69.175,11.247,19,77.565,5.4045,19,82.947,18.112,19,101.31,19.135,19,-100.175318259,-101.033237021
10,65.7080311582,13.7920157741,69.175,11.247,19,77.565,5.4045,19,51.446,17.966,19,82.947,18.112,19,101.31,19.135,19,24.377,11.978,19,-91.7415583592,-100.673667261
11,51.4375487796,17.1570522308,51.446,17.966,19,69.175,11.247,19,24.377,11.978,19,77.565,5.4045,19,82.947,18.112,19,101.31,19.135,19,-81.0345567204,-102.527167244
12,35.6889652631,10.6221010455,24.377,11.978,19,51.446,17.966,19,69.175,11.247,19,77.565,5.4045,19,82.947,18.112,19,101.31,19.135,19,-98.8917001669,-101.993251288
13,47.6963799348,20.9604087016,51.446,17.966,19,69.175,11.247,19,24.377,11.978,19,77.565,5.4045,19,82.947,18.112,19,101.31,19.135,19,-92.5453244213,-104.228335427
14,66.4257993013,6.32169774018,69.175,11.247,19,77.565,5.4045,19,51.446,17.966,19,82.947,18.112,19,101.31,19.135,19,24.377,11.978,19,-93.7319933823,-98.7511863337
15,26.4413952545,15.6955543136,24.377,11.978,19,51.446,17.966,19,69.175,11.247,19,77.565,5.4045,19,82.947,18.112,19,101.31,19.135,19,-91.6582767335,-104.691227387
16,53.3884283862,8.90102425271,51.446,17.966,19,69.175,11.247,19,77.565,5.4045,19,24.377,11.978,19,82.947,18.112,19,101.31,19.135,19,-97.3787983521,-101.365781471
17,51.7278005399,7.46921340958,51.446,17.966,19,69.175,11.247,19,77.565,5.4045,19,24.377,11.978,19,82.947,18.112,19,101.31,19.135,19,-98.2930532977,-102.187863862
18,70.348586818,16.2279345184,69.175,11.247,19,82.947,18.112,19,77.565,5.4045,19,51.446,17.966,19,101.31,19.135,19,24.377,11.978,19,-93.0173833522,-99.7110634258
19,38.2984817624,7.32071520082,24.377,11.978,19,51.446,17.966,19,69.175,11.247,19,77.565,5.4045,19,82.947,18.112,19,101.31,19.135,19,-100.752151385,-101.793149966
20,94.1818607093,15.8971383814,101.31,19.135,19,82.947,18.112,19,77.565,5.4045,19,69.175,11.247,19,51.446,17.966,19,24.377,11.978,19,-96.1382455577,-98.9290749695
21,62.3450333862,11.743852912,69.175,11.247,19,51.446,17.966,19,77.565,5.4045,19,82.947,18.112,19,24.377,11.978,19,101.31,19.135,19,-95.1555999907,-99.6016716414
22,36.1452453232,16.6306334807,24.377,11.978,19,51.446,17.966,19,69.175,11.247,19,77.565,5.4045,19,82.947,18.112,19,101.31,19.135,19,-99.6625480669,-101.084050221
23,29.3769034738,22.0266343037,24.377,11.978,19,51.446,17.966,19,69.175,11.247,19,77.565,5.4045,19,82.947,18.112,19,101.31,19.135,19,-98.7819329992,-103.866698427
24,79.9282211152,15.1480230674,82.947,18.112,19,77.565,5.4045,19,69.175,11.247,19,101.31,19.135,19,51.446,17.966,19,24.377,11.978,19,-91.6207927525,-97.9536287208
25,62.1890825472,17.7859456883,69.175,11.247,19,51.446,17.966,19,77.565,5.4045,19,82.947,18.112,19,24.377,11.978,19,101.31,19.135,19,-97.6110047987,-98.4616660388
26,83.9280863163,3.15616316858,77.565,5.4045,19,82.947,18.112,19,69.175,11.247,19,101.31,19.135,19,51.446,17.966,19,24.377,11.978,19,-95.048290926,-100.904615866
27,72.9519694078,3.22794285025,77.565,5.4045,19,69.175,11.247,19,82.947,18.112,19,51.446,17.966,19,101.31,19.135,19,24.377,11.978,19,-92.9935439974,-97.0495125047
28,51.7763435772,3.26833363155,51.446,17.966,19,69.175,11.247,19,77.565,5.4045,19,24.377,11.978,19,82.947,18.112,19,101.31,19.135,19,-100.762907812,-102.699703576
29,55.8388223795,11.8226261354,51.446,17.966,19,69.175,11.247,19,77.565,5.4045,19,82.947,18.112,19,24.377,11.978,19,101.31,19.135,19,-95.8741405152,-100.054417432
30,61.0063144292,19.5270034806,51.446,17.966,19,69.175,11.247,19,77.565,5.4045,19,82.947,18.112,19,24.377,11.978,19,101.31,19.135,19,-97.7010923295,-99.0436401433
31,57.6988133553,21.5849281089,51.446,17.966,19,69.175,11.247,19,82.947,18.112,19,77.565,5.4045,19,24.377,11.978,19,101.31,19.135,19,-95.5484728156,-101.125496898
32,48.4036716656,8.61866580198,51.446,17.966,19,69.175,11.247,19,24.377,11.978,19,77.565,5.4045,19,82.947,18.112,19,101.31,19.135,19,-97.8086928777,-103.357996347
33,62.3442600176,12.1977163179,69.175,11.247,19,51.446,17.966,19,77.565,5.4045,19,82.947,18.112,19,24.377,11.978,19,101.31,19.135,19,-95.2074717819,-99.4722253843
34,15.2807042033,14.0307961264,24.377,11.978,19,51.446,17.966,19,69.175,11.247,19,77.565,5.4045,19,82.947,18.112,19,101.31,19.135,19,-97.4216619705,-107.41288684
35,75.1596673247,14.6632788072,69.175,11.247,19,82.947,18.112,19,77.565,5.4045,19,51.446,17.966,19,101.31,19.135,19,24.377,11.978,19,-95.2016289765,-96.7562462016
36,54.7264358948,6.27358306768,51.446,17.966,19,69.175,11.247,19,77.565,5.4045,19,82.947,18.112,19,24.377,11.978,19,101.31,19.135,19,-99.3601992062,-101.046516156
37,62.4077858639,9.88251469173,69.175,11.247,19,51.446,17.966,19,77.565,5.4045,19,82.947,18.112,19,24.377,11.978,19,101.31,19.135,19,-95.2147279,-100.202131718
38,51.163140562,8.88334261531,51.446,17.966,19,69.175,11.247,19,77.565,5.4045,19,24.377,11.978,19,82.947,18.112,19,101.31,19.135,19,-97.2319127812,-102.316154715
39,75.5574873559,0.740049000893,77.565,5.4045,19,69.175,11.247,19,82.947,18.112,19,51.446,17.966,19,101.31,19.135,19,24.377,11.978,19,-92.9609235567,-99.4501225363
40,55.6262389025,3.00476908323,51.446,17.966,19,69.175,11.247,19,77.565,5.4045,19,82.947,18.112,19,24.377,11.978,19,101.31,19.135,19,-101.167361176,-101.31915085
41,34.5696655491,9.56409717708,24.377,11.978,19,51.446,17.966,19,69.175,11.247,19,77.565,5.4045,19,82.947,18.112,19,101.31,19.135,19,-98.2748833481,-102.588146163
42,31.2328816714,12.3682428374,24.377,11.978,19,51.446,17.966,19,69.175,11.247,19,77.565,5.4045,19,82.947,18.112,19,101.31,19.135,19,-95.1758975611,-103.370939726
43,39.8630426833,16.6530167612,51.446,17.966,19,24.377,11.978,19,69.175,11.247,19,77.565,5.4045,19,82.947,18.112,19,101.31,19.135,19,-99.0599593572,-101.464623742
44,60.4618650441,11.0574645414,69.175,11.247,19,51.446,17.966,19,77.565,5.4045,19,82.947,18.112,19,24.377,11.978,19,101.31,19.135,19,-96.925240852,-98.869429053
45,45.8380566283,5.90949298431,51.446,17.966,19,24.377,11.978,19,69.175,11.247,19,77.565,5.4045,19,82.947,18.112,19,101.31,19.135,19,-100.025955974,-103.821748082
46,35.5650799282,11.0179382551,24.377,11.978,19,51.446,17.966,19,69.175,11.247,19,77.565,5.4045,19,82.947,18.112,19,101.31,19.135,19,-98.7854493526,-101.97208833
47,34.7668184951,13.0501372324,24.377,11.978,19,51.446,17.966,19,69.175,11.247,19,77.565,5.4045,19,82.947,18.112,19,101.31,19.135,19,-98.2541020831,-101.994997104
48,63.34016499,17.9537466613,69.175,11.247,19,51.446,17.966,19,77.565,5.4045,19,82.947,18.112,19,101.31,19.135,19,24.377,11.978,19,-97.0707016294,-99.2077045142
49,43.6989046828,14.445407994,51.446,17.966,19,24.377,11.978,19,69.175,11.247,19,77.565,5.4045,19,82.947,18.112,19,101.31,19.135,19,-96.7499585395,-102.828162259
50,57.315619341,22.7082726641,51.446,17.966,19,69.175,11.247,19,82.947,18.112,19,77.565,5.4045,19,24.377,11.978,19,101.31,19.135,19,-95.8679361901,-101.606740602
51,27.8654314176,7.51316225461,24.377,11.978,19,51.446,17.966,19,69.175,11.247,19,77.565,5.4045,19,82.947,18.112,19,101.31,19.135,19,-93.7649734912,-104.889082548
52,23.856249369,12.6297480246,24.377,11.978,19,51.446,17.966,19,69.175,11.247,19,77.565,5.4045,19,82.947,18.112,19,101.31,19.135,19,-81.0345567204,-105.517972024
53,32.9488132969,25.0662721454,24.377,11.978,19,51.446,17.966,19,69.175,11.247,19,77.565,5.4045,19,82.947,18.112,19,101.31,19.135,19,-101.219696106,-102.953060748
54,71.9243127654,2.57947864995,77.565,5.4045,19,69.175,11.247,19,82.947,18.112,19,51.446,17.966,19,101.31,19.135,19,24.377,11.978,19,-94.5533933097,-97.2367969295
55,37.4680759834,20.0386081194,51.446,17.966,19,24.377,11.978,19,69.175,11.247,19,77.565,5.4045,19,82.947,18.112,19,101.31,19.135,19,-100.472348244,-101.091096529
56,63.7249452445,6.7111426342,69.175,11.247,19,77.565,5.4045,19,51.446,17.966,19,82.947,18.112,19,101.31,19.135,19,24.377,11.978,19,-95.4111349933,-100.352350653
57,40.5129303424,18.0579140572,51.446,17.966,19,24.377,11.978,19,69.175,11.247,19,77.565,5.4045,19,82.947,18.112,19,101.31,19.135,19,-98.5895578273,-101.933468465
58,49.9763330111,9.42134038622,51.446,17.966,19,69.175,11.247,19,24.377,11.978,19,77.565,5.4045,19,82.947,18.112,19,101.31,19.135,19,-96.8871882858,-102.754873502
59,29.1755700136,4.05453891477,24.377,11.978,19,51.446,17.966,19,69.175,11.247,19,77.565,5.4045,19,82.947,18.112,19,101.31,19.135,19,-97.3728454911,-105.020175571
60,42.6599541577,14.6293123483,51.446,17.966,19,24.377,11.978,19,69.175,11.247,19,77.565,5.4045,19,82.947,18.112,19,101.31,19.135,19,-97.4790917482,-102.439513948
61,71.8286282508,5.8010630779,77.565,5.4045,19,69.175,11.247,19,82.947,18.112,19,51.446,17.966,19,101.31,19.135,19,24.377,11.978,19,-93.8730235578,-94.2559821487
62,38.0747331812,11.5249942673,24.377,11.978,19,51.446,17.966,19,69.175,11.247,19,77.565,5.4045,19,82.947,18.112,19,101.31,19.135,19,-100.247931352,-100.832651582
63,56.491167623,17.0055522975,51.446,17.966,19,69.175,11.247,19,77.565,5.4045,19,82.947,18.112,19,24.377,11.978,19,101.31,19.135,19,-93.0437967198,-100.36724791
64,73.862709495,9.04172951169,69.175,11.247,19,77.565,5.4045,19,82.947,18.112,19,51.446,17.966,19,101.31,19.135,19,24.377,11.978,19,-93.1074733562,-93.1209250549
65,59.1582459359,11.4518502529,69.175,11.247,19,51.446,17.966,19,77.565,5.4045,19,82.947,18.112,19,24.377,11.978,19,101.31,19.135,19,-97.9483777129,-98.0040925564
66,20.7586733157,14.790091813,24.377,11.978,19,51.446,17.966,19,69.175,11.247,19,77.565,5.4045,19,82.947,18.112,19,101.31,19.135,19,-92.2073356867,-106.203261766
67,33.8065985243,23.9855716491,24.377,11.978,19,51.446,17.966,19,69.175,11.247,19,77.565,5.4045,19,82.947,18.112,19,101.31,19.135,19,-101.040274845,-102.504396747
68,75.3247853556,2.26863557728,77.565,5.4045,19,69.175,11.247,19,82.947,18.112,19,51.446,17.966,19,101.31,19.135,19,24.377,11.978,19,-90.9361906971,-98.5553358376
69,90.1302652381,15.6740503626,82.947,18.112,19,101.31,19.135,19,77.565,5.4045,19,69.175,11.247,19,51.446,17.966,19,24.377,11.978,19,-95.9064868354,-99.0888982567
70,26.2618361403,15.8890181797,24.377,11.978,19,51.446,17.966,19,69.175,11.247,19,77.565,5.4045,19,82.947,18.112,19,101.31,19.135,19,-91.8106788208,-104.738487972
71,32.1393061191,14.0697080846,24.377,11.978,19,51.446,17.966,19,69.175,11.247,19,77.565,5.4045,19,82.947,18.112,19,101.31,19.135,19,-96.3326480573,-102.909518119
72,41.6912200543,13.5553753784,51.446,17.966,19,24.377,11.978,19,69.175,11.247,19,77.565,5.4045,19,82.947,18.112,19,101.31,19.135,19,-98.4349658611,-101.993898856
73,68.8668439327,19.0461823574,69.175,11.247,19,82.947,18.112,19,77.565,5.4045,19,51.446,17.966,19,101.31,19.135,19,24.377,11.978,19,-96.1159106923,-100.462141836
74,85.8138460118,19.5077202974,82.947,18.112,19,101.31,19.135,19,77.565,5.4045,19,69.175,11.247,19,51.446,17.966,19,24.377,11.978,19,-89.5452787613,-101.151463457
75,86.6433303017,18.4988043621,82.947,18.112,19,101.31,19.135,19,77.565,5.4045,19,69.175,11.247,19,51.446,17.966,19,24.377,11.978,19,-90.6698510208,-100.752457709
76,33.3569714228,10.5813187627,24.377,11.978,19,51.446,17.966,19,69.175,11.247,19,77.565,5.4045,19,82.947,18.112,19,101.31,19.135,19,-97.2326207017,-102.85055574
77,48.579618757,8.97828037548,51.446,17.966,19,69.175,11.247,19,24.377,11.978,19,77.565,5.4045,19,82.947,18.112,19,101.31,19.135,19,-97.5067062254,-103.281529984
78,7.8471822108,14.7211062742,24.377,11.978,19,51.446,17.966,19,69.175,11.247,19,77.565,5.4045,19,82.947,18.112,19,101.31,19.135,19,-101.722983017,-108.761951182
79,63.7229809984,15.0907069523,69.175,11.247,19,51.446,17.966,19,77.565,5.4045,19,82.947,18.112,19,101.31,19.135,19,24.377,11.978,19,-94.9630828896,-99.6361679064
80,53.6932208811,10.2333705237,51.446,17.966,19,69.175,11.247,19,77.565,5.4045,19,24.377,11.978,19,82.947,18.112,19,101.31,19.135,19,-96.3448316218,-101.158226804
81,62.7092822701,12.2316145873,69.175,11.247,19,51.446,17.966,19,77.565,5.4045,19,82.947,18.112,19,24.377,11.978,19,101.31,19.135,19,-94.8181099419,-99.6535103728
82,83.4193924018,12.0302077051,82.947,18.112,19,77.565,5.4045,19,69.175,11.247,19,101.31,19.135,19,51.446,17.966,19,24.377,11.978,19,-94.3067642788,-97.0309293619
83,41.5602822794,10.4346351161,51.446,17.966,19,24.377,11.978,19,69.175,11.247,19,77.565,5.4045,19,82.947,18.112,19,101.31,19.135,19,-99.5297877772,-101.937336512
84,68.1003230175,19.3023918649,69.175,11.247,19,82.947,18.112,19,51.446,17.966,19,77.565,5.4045,19,101.31,19.135,19,24.377,11.978,19,-96.4121636174,-100.858607573
85,12.4487570321,9.99413668835,24.377,11.978,19,51.446,17.966,19,69.175,11.247,19,77.565,5.4045,19,82.947,18.112,19,101.31,19.135,19,-99.3288312285,-108.073265315
86,94.7199430402,9.00104834867,101.31,19.135,19,82.947,18.112,19,77.565,5.4045,19,69.175,11.247,19,51.446,17.966,19,24.377,11.978,19,-99.3264997139,-100.854813716
87,42.6164614767,17.5294205284,51.446,17.966,19,24.377,11.978,19,69.175,11.247,19,77.565,5.4045,19,82.947,18.112,19,101.31,19.135,19,-97.0298701163,-102.670780916
88,47.2479259146,16.9925942625,51.446,17.966,19,69.175,11.247,19,24.377,11.978,19,77.565,5.4045,19,82.947,18.112,19,101.31,19.135,19,-91.756283047,-103.940827085
89,40.7108562395,27.6695185624,51.446,17.966,19,24.377,11.978,19,69.175,11.247,19,77.565,5.4045,19,82.947,18.112,19,101.31,19.135,19,-100.646837405,-103.935181613
90,28.6631203023,10.3868763668,24.377,11.978,19,51.446,17.966,19,69.175,11.247,19,77.565,5.4045,19,82.947,18.112,19,101.31,19.135,19,-92.1902320734,-104.363328233
91,68.8806008425,15.616997339,69.175,11.247,19,77.565,5.4045,19,82.947,18.112,19,51.446,17.966,19,101.31,19.135,19,24.377,11.978,19,-91.8753061297,-100.085771632
92,30.5531810739,7.2877803875,24.377,11.978,19,51.446,17.966,19,69.175,11.247,19,77.565,5.4045,19,82.947,18.112,19,101.31,19.135,19,-96.0686934484,-104.19418446
93,57.5666446219,2.73833643912,69.175,11.247,19,51.446,17.966,19,77.565,5.4045,19,82.947,18.112,19,24.377,11.978,19,101.31,19.135,19,-100.607186945,-101.570653835
94,9.31672978176,14.3540957312,24.377,11.978,19,51.446,17.966,19,69.175,11.247,19,77.565,5.4045,19,82.947,18.112,19,101.31,19.135,19,-101.030160931,-108.516900607
95,46.2473056261,13.6047736919,51.446,17.966,19,24.377,11.978,19,69.175,11.247,19,77.565,5.4045,19,82.947,18.112,19,101.31,19.135,19,-95.088585584,-103.698351945
96,50.3329034628,18.8512818641,51.446,17.966,19,69.175,11.247,19,24.377,11.978,19,77.565,5.4045,19,82.947,18.112,19,101.31,19.135,19,-83.619691976,-103.137998936
97,62.361262792,17.6755014153,69.175,11.247,19,51.446,17.966,19,77.565,5.4045,19,82.947,18.112,19,24.377,11.978,19,101.31,19.135,19,-97.4551055503,-98.5799330397
98,31.4323644692,12.4262998949,24.377,11.978,19,51.446,17.966,19,69.175,11.247,19,77.565,5.4045,19,82.947,18.112,19,101.31,19.135,19,-95.3893219451,-103.297880543
99,60.789814362,16.9953796163,51.446,17.966,19,69.175,11.247,19,77.565,5.4045,19,82.947,18.112,19,24.377,11.978,19,101.31,19.135,19,-97.4758032541,-98.0556651504
100,38.6700353062,9.83828797992,24.377,11.978,19,51.446,17.966,19,69.175,11.247,19,77.565,5.4045,19,82.947,18.112,19,101.31,19.135,19,-100.637495882,-100.979730535
101,51.7132562766,15.8873467665,51.446,17.966,19,69.175,11.247,19,24.377,11.978,19,77.565,5.4045,19,82.947,18.112,19,101.31,19.135,19,-86.4652415702,-102.276254906
102,47.902128453,12.5368022704,51.446,17.966,19,69.175,11.247,19,24.377,11.978,19,77.565,5.4045,19,82.947,18.112,19,101.31,19.135,19,-94.7540887493,-103.488284091
103,40.26512342,14.0627422554,51.446,17.966,19,24.377,11.978,19,69.175,11.247,19,77.565,5.4045,19,82.947,18.112,19,101.31,19.135,19,-99.1758185177,-101.395329036
104,61.3699485516,16.1656726052,69.175,11.247,19,51.446,17.966,19,77.565,5.4045,19,82.947,18.112,19,24.377,11.978,19,101.31,19.135,19,-97.3429862026,-97.9973544523
105,86.4952812435,5.82520632711,77.565,5.4045,19,82.947,18.112,19,69.175,11.247,19,101.31,19.135,19,51.446,17.966,19,24.377,11.978,19,-97.1123130844,-99.7400294746
106,56.5490122556,11.8691824259,51.446,17.966,19,69.175,11.247,19,77.565,5.4045,19,82.947,18.112,19,24.377,11.978,19,101.31,19.135,19,-96.251308036,-99.6548419567
107,36.1230553497,13.8121362154,24.377,11.978,19,51.446,17.966,19,69.175,11.247,19,77.565,5.4045,19,82.947,18.112,19,101.31,19.135,19,-99.2041375912,-101.327078832
108,61.0947036566,19.1580210938,51.446,17.966,19,69.175,11.247,19,77.565,5.4045,19,82.947,18.112,19,24.377,11.978,19,101.31,19.135,19,-97.7276698392,-98.8369081698
109,39.166609908,12.3658502572,51.446,17.966,19,24.377,11.978,19,69.175,11.247,19,77.565,5.4045,19,82.947,18.112,19,101.31,19.135,19,-100.135084495,-100.809348211
110,63.5313736073,9.95746699059,69.175,11.247,19,51.446,17.966,19,77.565,5.4045,19,82.947,18.112,19,101.31,19.135,19,24.377,11.978,19,-93.9226545213,-100.660678411
111,62.7209135953,7.23805124824,69.175,11.247,19,77.565,5.4045,19,51.446,17.966,19,82.947,18.112,19,24.377,11.978,19,101.31,19.135,19,-95.9182029046,-100.889378833
112,69.5908423878,15.7363599502,69.175,11.247,19,77.565,5.4045,19,82.947,18.112,19,51.446,17.966,19,101.31,19.135,19,24.377,11.978,19,-92.0878261236,-99.889064283
113,44.3062338042,7.34774603932,51.446,17.966,19,24.377,11.978,19,69.175,11.247,19,77.565,5.4045,19,82.947,18.112,19,101.31,19.135,19,-99.7437966007,-103.188879493
114,66.7014664045,8.28280425835,69.175,11.247,19,77.565,5.4045,19,51.446,17.966,19,82.947,18.112,19,101.31,19.135,19,24.377,11.978,19,-90.9491688285,-98.7914440184
115,40.4147032164,13.2120441794,51.446,17.966,19,24.377,11.978,19,69.175,11.247,19,77.565,5.4045,19,82.947,18.112,19,101.31,19.135,19,-99.2800928381,-101.423123281
116,32.5599188092,18.5910060602,24.377,11.978,19,51.446,17.966,19,69.175,11.247,19,77.565,5.4045,19,82.947,18.112,19,101.31,19.135,19,-98.3073392125,-102.605370898
117,60.7727419491,15.6805897002,69.175,11.247,19,51.446,17.966,19,77.565,5.4045,19,82.947,18.112,19,24.377,11.978,19,101.31,19.135,19,-97.55827505,-97.6369793857
118,65.0776277052,21.2781543246,69.175,11.247,19,51.446,17.966,19,82.947,18.112,19,77.565,5.4045,19,101.31,19.135,19,24.377,11.978,19,-98.5236433793,-100.418912874
119,34.0669352917,5.2155335061,24.377,11.978,19,51.446,17.966,19,69.175,11.247,19,77.565,5.4045,19,82.947,18.112,19,101.31,19.135,19,-99.1595166443,-103.571425658
120,54.3444283515,13.318096872,51.446,17.966,19,69.175,11.247,19,77.565,5.4045,19,82.947,18.112,19,24.377,11.978,19,101.31,19.135,19,-93.5167071895,-100.89800533
121,66.297009339,11.1936554036,69.175,11.247,19,77.565,5.4045,19,51.446,17.966,19,82.947,18.112,19,101.31,19.135,19,24.377,11.978,19,-88.7944278225,-99.6704076794
122,38.8227051308,13.3371160115,51.446,17.966,19,24.377,11.978,19,69.175,11.247,19,77.565,5.4045,19,82.947,18.112,19,101.31,19.135,19,-100.107358497,-100.666483121
123,73.609441407,17.9265956664,69.175,11.247,19,82.947,18.112,19,77.565,5.4045,19,51.446,17.966,19,101.31,19.135,19,24.377,11.978,19,-96.312870245,-97.4329467002
124,97.8635711179,10.4256735825,101.31,19.135,19,82.947,18.112,19,77.565,5.4045,19,69.175,11.247,19,51.446,17.966,19,24.377,11.978,19,-97.4541683978,-101.733740291
125,43.7623269527,12.0120622831,51.446,17.966,19,24.377,11.978,19,69.175,11.247,19,77.565,5.4045,19,82.947,18.112,19,101.31,19.135,19,-97.7264974621,-102.792863951
126,28.2305834708,9.0887058717,24.377,11.978,19,51.446,17.966,19,69.175,11.247,19,77.565,5.4045,19,82.947,18.112,19,101.31,19.135,19,-92.5726337703,-104.616995277
127,65.1100152863,19.6947923915,69.175,11.247,19,51.446,17.966,19,82.947,18.112,19,77.565,5.4045,19,101.31,19.135,19,24.377,11.978,19,-97.4608158422,-100.284110307
128,43.7798597336,17.0178329661,51.446,17.966,19,24.377,11.978,19,69.175,11.247,19,77.565,5.4045,19,82.947,18.112,19,101.31,19.135,19,-96.039616967,-103.039087985
129,72.0023687171,21.3550051223,69.175,11.247,19,82.947,18.112,19,77.565,5.4045,19,51.446,17.966,19,101.31,19.135,19,24.377,11.978,19,-98.2898514983,-98.9058943789
130,46.1061494045,8.98465424992,51.446,17.966,19,24.377,11.978,19,69.175,11.247,19,77.565,5.4045,19,82.947,18.112,19,101.31,19.135,19,-98.2568179619,-103.699567932
131,94.8237916694,6.67372071873,101.31,19.135,19,82.947,18.112,19,77.565,5.4045,19,69.175,11.247,19,51.446,17.966,19,24.377,11.978,19,-100.429391919,-101.605212126
132,80.121425086,9.68003496806,77.565,5.4045,19,82.947,18.112,19,69.175,11.247,19,101.31,19.135,19,51.446,17.966,19,24.377,11.978,19,-92.8199675791,-97.0733085395
133,76.4718410673,4.18131555097,77.565,5.4045,19,69.175,11.247,19,82.947,18.112,19,51.446,17.966,19,101.31,19.135,19,24.377,11.978,19,-84.6675683588,-98.0490044654
134,69.9316375166,19.5291696972,69.175,11.247,19,82.947,18.112,19,77.565,5.4045,19,51.446,17.966,19,101.31,19.135,19,24.377,11.978,19,-96.581694015,-99.9121200638
135,16.2653770585,12.0939042281,24.377,11.978,19,51.446,17.966,19,69.175,11.247,19,77.565,5.4045,19,82.947,18.112,19,101.31,19.135,19,-96.3992269459,-107.267927869
136,46.4642960657,11.5718158271,51.446,17.966,19,24.377,11.978,19,69.175,11.247,19,77.565,5.4045,19,82.947,18.112,19,101.31,19.135,19,-96.3931497229,-103.751806736
137,86.9401818068,15.7649079737,82.947,18.112,19,77.565,5.4045,19,101.31,19.135,19,69.175,11.247,19,51.446,17.966,19,24.377,11.978,19,-92.2858601416,-100.389714339
138,27.4512716913,11.205328192,24.377,11.978,19,51.446,17.966,19,69.175,11.247,19,77.565,5.4045,19,82.947,18.112,19,101.31,19.135,19,-89.5021909774,-104.638860717
139,61.4453609242,11.0637060299,69.175,11.247,19,51.446,17.966,19,77.565,5.4045,19,82.947,18.112,19,24.377,11.978,19,101.31,19.135,19,-96.0465104535,-99.3640544396
140,63.6092669056,13.4292525643,69.175,11.247,19,51.446,17.966,19,77.565,5.4045,19,82.947,18.112,19,101.31,19.135,19,24.377,11.978,19,-94.1586727232,-99.8499169388
141,31.2389712257,16.0071561942,24.377,11.978,19,51.446,17.966,19,69.175,11.247,19,77.565,5.4045,19,82.947,18.112,19,101.31,19.135,19,-96.2576207715,-103.131872704
142,45.2967773822,16.6117136589,51.446,17.966,19,24.377,11.978,19,69.175,11.247,19,77.565,5.4045,19,82.947,18.112,19,101.31,19.135,19,-94.53943682,-103.527740393
143,78.2282554196,12.9338558251,82.947,18.112,19,77.565,5.4045,19,69.175,11.247,19,101.31,19.135,19,51.446,17.966,19,24.377,11.978,19,-95.3226798276,-95.8801305151
144,63.2169254335,3.49257156446,69.175,11.247,19,77.565,5.4045,19,51.446,17.966,19,82.947,18.112,19,24.377,11.978,19,101.31,19.135,19,-97.7705701568,-100.64895961
145,52.0933378134,15.080295302,51.446,17.966,19,69.175,11.247,19,77.565,5.4045,19,24.377,11.978,19,82.947,18.112,19,101.31,19.135,19,-88.9929885247,-102.044622895
146,67.6214739974,12.2122929548,69.175,11.247,19,77.565,5.4045,19,82.947,18.112,19,51.446,17.966,19,101.31,19.135,19,24.377,11.978,19,-85.4659601476,-99.3036738648
147,26.3448582116,19.4197605536,24.377,11.978,19,51.446,17.966,19,69.175,11.247,19,77.565,5.4045,19,82.947,18.112,19,101.31,19.135,19,-96.0139136696,-104.701665365
148,21.3799494768,24.7701351106,24.377,11.978,19,51.446,17.966,19,69.175,11.247,19,77.565,5.4045,19,82.947,18.112,19,101.31,19.135,19,-99.9379985699,-106.197339501
149,77.8303161317,19.7637878959,82.947,18.112,19,69.175,11.247,19,77.565,5.4045,19,101.31,19.135,19,51.446,17.966,19,24.377,11.978,19,-93.3802680093,-99.3596094008
150,56.5476998414,9.2580215545,51.446,17.966,19,69.175,11.247,19,77.565,5.4045,19,82.947,18.112,19,24.377,11.978,19,101.31,19.135,19,-98.0020519159,-99.7366431174
151,86.245496263,14.8530191344,82.947,18.112,19,77.565,5.4045,19,101.31,19.135,19,69.175,11.247,19,51.446,17.966,19,24.377,11.978,19,-92.293838173,-99.7639579256
152,71.5527966291,7.12875363768,69.175,11.247,19,77.565,5.4045,19,82.947,18.112,19,51.446,17.966,19,101.31,19.135,19,24.377,11.978,19,-92.4790245366,-94.490293197
153,61.6604820001,4.24910637938,69.175,11.247,19,77.565,5.4045,19,51.446,17.966,19,82.947,18.112,19,24.377,11.978,19,101.31,19.135,19,-98.1288999771,-101.35956934
154,41.9530523837,14.9458754822,51.446,17.966,19,24.377,11.978,19,69.175,11.247,19,77.565,5.4045,19,82.947,18.112,19,101.31,19.135,19,-97.9064565049,-102.176901374
155,56.9414039813,19.1877461486,51.446,17.966,19,69.175,11.247,19,77.565,5.4045,19,82.947,18.112,19,24.377,11.978,19,101.31,19.135,19,-93.7175961274,-100.70447359
156,54.0586455629,11.039364335,51.446,17.966,19,69.175,11.247,19,77.565,5.4045,19,24.377,11.978,19,82.947,18.112,19,101.31,19.135,19,-95.7275335877,-100.967904467
157,26.88523669,17.2327622548,24.377,11.978,19,51.446,17.966,19,69.175,11.247,19,77.565,5.4045,19,82.947,18.112,19,101.31,19.135,19,-93.9651530903,-104.532913442
158,47.1480430013,16.5694465177,51.446,17.966,19,69.175,11.247,19,24.377,11.978,19,77.565,5.4045,19,82.947,18.112,19,101.31,19.135,19,-92.1050301527,-103.938732644
159,35.6707077306,12.068458651,24.377,11.978,19,51.446,17.966,19,69.175,11.247,19,77.565,5.4045,19,82.947,18.112,19,101.31,19.135,19,-98.8277297475,-101.760452768
160,50.1756628881,8.91045274249,51.446,17.966,19,69.175,11.247,19,24.377,11.978,19,77.565,5.4045,19,82.947,18.112,19,101.31,19.135,19,-97.2779324426,-102.700323563
161,36.5372292576,14.0463167548,24.377,11.978,19,51.446,17.966,19,69.175,11.247,19,77.565,5.4045,19,82.947,18.112,19,101.31,19.135,19,-99.474733283,-101.111005238
162,64.8449369655,21.3838209885,69.175,11.247,19,51.446,17.966,19,82.947,18.112,19,77.565,5.4045,19,101.31,19.135,19,24.377,11.978,19,-98.6493647709,-100.313379112
163,95.4841110603,23.8840041231,101.31,19.135,19,82.947,18.112,19,77.565,5.4045,19,69.175,11.247,19,51.446,17.966,19,24.377,11.978,19,-95.8389778072,-100.299576551
164,70.484263039,17.6050910839,69.175,11.247,19,82.947,18.112,19,77.565,5.4045,19,51.446,17.966,19,101.31,19.135,19,24.377,11.978,19,-94.7631812644,-99.5564898447
165,28.2687222669,13.0943595029,24.377,11.978,19,51.446,17.966,19,69.175,11.247,19,77.565,5.4045,19,82.947,18.112,19,101.31,19.135,19,-91.2981430943,-104.262763548
166,33.5301716369,7.5322767601,24.377,11.978,19,51.446,17.966,19,69.175,11.247,19,77.565,5.4045,19,82.947,18.112,19,101.31,19.135,19,-98.0623981071,-103.28599503
167,49.9787751444,1.90544876181,51.446,17.966,19,69.175,11.247,19,24.377,11.978,19,77.565,5.4045,19,82.947,18.112,19,101.31,19.135,19,-101.442408814,-103.500874671
168,46.9057161935,9.6315970619,51.446,17.966,19,69.175,11.247,19,24.377,11.978,19,77.565,5.4045,19,82.947,18.112,19,101.31,19.135,19,-97.5510218579,-103.830052074
169,34.0269781477,14.2378605301,24.377,11.978,19,51.446,17.966,19,69.175,11.247,19,77.565,5.4045,19,82.947,18.112,19,101.31,19.135,19,-97.8689841665,-102.172225704
170,67.0937840576,10.8612090557,69.175,11.247,19,77.565,5.4045,19,51.446,17.966,19,82.947,18.112,19,101.31,19.135,19,24.377,11.978,19,-86.5380971304,-99.1541572508
171,59.2720178251,12.1846468954,51.446,17.966,19,69.175,11.247,19,77.565,5.4045,19,82.947,18.112,19,24.377,11.978,19,101.31,19.135,19,-97.7335745157,-97.8957548569
172,49.8929916329,14.4309188445,51.446,17.966,19,69.175,11.247,19,24.377,11.978,19,77.565,5.4045,19,82.947,18.112,19,101.31,19.135,19,-90.9501065214,-102.852350213
173,48.7907833608,13.8774866978,51.446,17.966,19,69.175,11.247,19,24.377,11.978,19,77.565,5.4045,19,82.947,18.112,19,101.31,19.135,19,-92.6614036817,-103.222234322
174,63.9952118552,12.3821318268,69.175,11.247,19,51.446,17.966,19,77.565,5.4045,19,82.947,18.112,19,101.31,19.135,19,24.377,11.978,19,-93.2785703324,-100.264096062
175,77.5097836405,7.56432423899,77.565,5.4045,19,69.175,11.247,19,82.947,18.112,19,101.31,19.135,19,51.446,17.966,19,24.377,11.978,19,-86.6886255796,-97.2521245735
176,46.9386581323,10.3825665058,51.446,17.966,19,69.175,11.247,19,24.377,11.978,19,77.565,5.4045,19,82.947,18.112,19,101.31,19.135,19,-97.0144942315,-103.80546899
177,50.2472610033,16.7722063256,51.446,17.966,19,69.175,11.247,19,24.377,11.978,19,77.565,5.4045,19,82.947,18.112,19,101.31,19.135,19,-84.8935670566,-102.917622848
178,39.7580083052,14.1224807749,51.446,17.966,19,24.377,11.978,19,69.175,11.247,19,77.565,5.4045,19,82.947,18.112,19,101.31,19.135,19,-99.4561789437,-101.165252591
179,60.2826790051,20.9610834553,51.446,17.966,19,69.175,11.247,19,82.947,18.112,19,77.565,5.4045,19,24.377,11.978,19,101.31,19.135,19,-97.4259156977,-99.955300089
180,83.510541302,10.0683354885,77.565,5.4045,19,82.947,18.112,19,69.175,11.247,19,101.31,19.135,19,51.446,17.966,19,24.377,11.978,19,-95.878184718,-96.3546973285
181,18.6756038096,4.54007464485,24.377,11.978,19,51.446,17.966,19,69.175,11.247,19,77.565,5.4045,19,82.947,18.112,19,101.31,19.135,19,-97.4582827604,-107.215622541
182,28.3262010045,14.6541874815,24.377,11.978,19,51.446,17.966,19,69.175,11.247,19,77.565,5.4045,19,82.947,18.112,19,101.31,19.135,19,-92.5023668989,-104.160426705
183,44.4390677231,15.3620330496,51.446,17.966,19,24.377,11.978,19,69.175,11.247,19,77.565,5.4045,19,82.947,18.112,19,101.31,19.135,19,-95.7987251059,-103.147662116
184,38.7077321937,16.7000078918,51.446,17.966,19,24.377,11.978,19,69.175,11.247,19,77.565,5.4045,19,82.947,18.112,19,101.31,19.135,19,-99.746992065,-100.953746366
185,71.4459054045,6.34686415687,69.175,11.247,19,77.565,5.4045,19,82.947,18.112,19,51.446,17.966,19,101.31,19.135,19,24.377,11.978,19,-93.4130610328,-94.4155907992
186,71.6105209431,22.0193673924,69.175,11.247,19,82.947,18.112,19,77.565,5.4045,19,51.446,17.966,19,101.31,19.135,19,24.377,11.978,19,-98.6635651088,-99.2671925191
187,90.716162561,8.95141008084,82.947,18.112,19,77.565,5.4045,19,101.31,19.135,19,69.175,11.247,19,51.446,17.966,19,24.377,11.978,19,-99.2797543001,-100.202728395
188,47.9547580836,20.5710512607,51.446,17.966,19,69.175,11.247,19,24.377,11.978,19,77.565,5.4045,19,82.947,18.112,19,101.31,19.135,19,-91.8352048274,-104.104455965
189,21.010363039,18.4266279168,24.377,11.978,19,51.446,17.966,19,69.175,11.247,19,77.565,5.4045,19,82.947,18.112,19,101.31,19.135,19,-95.5990782041,-106.104559678
190,87.3121249305,13.6170203337,82.947,18.112,19,77.565,5.4045,19,101.31,19.135,19,69.175,11.247,19,51.446,17.966,19,24.377,11.978,19,-94.5033579962,-99.7151820216
191,40.5484393993,12.3849864991,51.446,17.966,19,24.377,11.978,19,69.175,11.247,19,77.565,5.4045,19,82.947,18.112,19,101.31,19.135,19,-99.4201916318,-101.464732998
192,36.6574721396,4.4164889193,24.377,11.978,19,51.446,17.966,19,69.175,11.247,19,77.565,5.4045,19,82.947,18.112,19,101.31,19.135,19,-100.621952753,-103.042911512
193,61.2928203087,6.76951401342,69.175,11.247,19,51.446,17.966,19,77.565,5.4045,19,82.947,18.112,19,24.377,11.978,19,101.31,19.135,19,-97.2141804178,-100.866544621
194,37.3699696848,13.6428136039,24.377,11.978,19,51.446,17.966,19,69.175,11.247,19,77.565,5.4045,19,82.947,18.112,19,101.31,19.135,19,-99.9159896405,-100.774673494
195,53.3099385894,17.8271289698,51.446,17.966,19,69.175,11.247,19,77.565,5.4045,19,24.377,11.978,19,82.947,18.112,19,101.31,19.135,19,-85.6251649006,-101.904531244
196,49.1271712891,15.4755650931,51.446,17.966,19,69.175,11.247,19,24.377,11.978,19,77.565,5.4045,19,82.947,18.112,19,101.31,19.135,19,-90.0226508495,-103.19923206
197,36.2327301665,6.91588699308,24.377,11.978,19,51.446,17.966,19,69.175,11.247,19,77.565,5.4045,19,82.947,18.112,19,101.31,19.135,19,-99.7985206423,-102.568951556
198,28.0565364978,16.2725369068,24.377,11.978,19,51.446,17.966,19,69.175,11.247,19,77.565,5.4045,19,82.947,18.112,19,101.31,19.135,19,-93.7510133407,-104.190186519
199,54.9564545498,7.81914194249,51.446,17.966,19,69.175,11.247,19,77.565,5.4045,19,82.947,18.112,19,24.377,11.978,19,101.31,19.135,19,-98.4564420386,-100.725133713
200,75.9657225477,13.6380153874,69.175,11.247,19,82.947,18.112,19,77.565,5.4045,19,51.446,17.966,19,101.31,19.135,19,24.377,11.978,19,-95.5228293433,-96.559765834
201,61.2250341321,6.84077813143,69.175,11.247,19,51.446,17.966,19,77.565,5.4045,19,82.947,18.112,19,24.377,11.978,19,101.31,19.135,19,-97.2337821524,-100.818007361
202,76.5786547461,19.6668056933,82.947,18.112,19,69.175,11.247,19,77.565,5.4045,19,101.31,19.135,19,51.446,17.966,19,24.377,11.978,19,-94.8350808281,-98.7741509334
203,47.2486424083,5.08975376056,51.446,17.966,19,69.175,11.247,19,24.377,11.978,19,77.565,5.4045,19,82.947,18.112,19,101.31,19.135,19,-100.160591768,-103.975435145
204,30.1745376435,14.8667440008,24.377,11.978,19,51.446,17.966,19,69.175,11.247,19,77.565,5.4045,19,82.947,18.112,19,101.31,19.135,19,-94.7471915646,-103.551420779
205,53.3046840451,12.2975266123,51.446,17.966,19,69.175,11.247,19,77.565,5.4045,19,24.377,11.978,19,82.947,18.112,19,101.31,19.135,19,-94.1428963645,-101.340497702
206,45.5126327666,8.09454453714,51.446,17.966,19,24.377,11.978,19,69.175,11.247,19,77.565,5.4045,19,82.947,18.112,19,101.31,19.135,19,-98.9714462898,-103.54916221
207,80.3006415503,13.6192231493,82.947,18.112,19,77.565,5.4045,19,69.175,11.247,19,101.31,19.135,19,51.446,17.966,19,24.377,11.978,19,-93.1550792502,-96.8771315536
208,68.7142473838,7.29088602105,69.175,11.247,19,77.565,5.4045,19,82.947,18.112,19,51.446,17.966,19,101.31,19.135,19,24.377,11.978,19,-91.1778429668,-97.2015491139
209,80.5147035357,12.7627476683,82.947,18.112,19,77.565,5.4045,19,69.175,11.247,19,101.31,19.135,19,51.446,17.966,19,24.377,11.978,19,-94.032378024,-96.2299186824
210,48.7778023243,14.3275020206,51.446,17.966,19,69.175,11.247,19,24.377,11.978,19,77.565,5.4045,19,82.947,18.112,19,101.31,19.135,19,-92.0933587348,-103.249061319
211,49.4424135561,3.66886657909,51.446,17.966,19,69.175,11.247,19,24.377,11.978,19,77.565,5.4045,19,82.947,18.112,19,101.31,19.135,19,-100.629636532,-103.428038207
212,27.5331323732,4.65795571619,24.377,11.978,19,51.446,17.966,19,69.175,11.247,19,77.565,5.4045,19,82.947,18.112,19,101.31,19.135,19,-96.2705493621,-105.323581569
213,64.733844815,26.7767454707,51.446,17.966,19,69.175,11.247,19,82.947,18.112,19,77.565,5.4045,19,101.31,19.135,19,24.377,11.978,19,-101.358233141,-101.453718434
214,46.666204388,5.27379223374,51.446,17.966,19,24.377,11.978,19,69.175,11.247,19,77.565,5.4045,19,82.947,18.112,19,101.31,19.135,19,-100.17104221,-104.135191694
215,88.9076307214,18.9233991607,82.947,18.112,19,101.31,19.135,19,77.565,5.4045,19,69.175,11.247,19,51.446,17.966,19,24.377,11.978,19,-94.2043754318,-99.5158535236
216,18.7931174095,9.88287877573,24.377,11.978,19,51.446,17.966,19,69.175,11.247,19,77.565,5.4045,19,82.947,18.112,19,101.31,19.135,19,-94.1411408631,-106.838092084
217,52.0334029632,10.05790606,51.446,17.966,19,69.175,11.247,19,77.565,5.4045,19,24.377,11.978,19,82.947,18.112,19,101.31,19.135,19,-96.2321622391,-101.907640216
218,16.4098568802,7.21547782916,24.377,11.978,19,51.446,17.966,19,69.175,11.247,19,77.565,5.4045,19,82.947,18.112,19,101.31,19.135,19,-97.3877614658,-107.467086073
219,76.3804310065,16.2797320297,82.947,18.112,19,69.175,11.247,19,77.565,5.4045,19,51.446,17.966,19,101.31,19.135,19,24.377,11.978,19,-95.1227212644,-96.9871387376
220,63.988281743,17.000331978,69.175,11.247,19,51.446,17.966,19,77.565,5.4045,19,82.947,18.112,19,101.31,19.135,19,24.377,11.978,19,-96.0601106336,-99.6188104543
221,25.344639136,26.4923091876,24.377,11.978,19,51.446,17.966,19,69.175,11.247,19,77.565,5.4045,19,82.947,18.112,19,101.31,19.135,19,-100.685190033,-105.348242321
222,70.9531461197,16.9059443245,69.175,11.247,19,82.947,18.112,19,77.565,5.4045,19,51.446,17.966,19,101.31,19.135,19,24.377,11.978,19,-94.1013254662,-99.305880509
223,59.6142570595,18.0920628572,51.446,17.966,19,69.175,11.247,19,77.565,5.4045,19,82.947,18.112,19,24.377,11.978,19,101.31,19.135,19,-96.4504175126,-99.1235140175
224,28.532030255,9.50904666576,24.377,11.978,19,51.446,17.966,19,69.175,11.247,19,77.565,5.4045,19,82.947,18.112,19,101.31,19.135,19,-92.5981533027,-104.48889606
225,29.0178302161,7.68683201565,24.377,11.978,19,51.446,17.966,19,69.175,11.247,19,77.565,5.4045,19,82.947,18.112,19,101.31,19.135,19,-94.5675046936,-104.562668725
226,80.9089059771,4.53562502329,77.565,5.4045,19,69.175,11.247,19,82.947,18.112,19,101.31,19.135,19,51.446,17.966,19,24.377,11.978,19,-90.134213786,-100.146791818
227,69.0861498862,13.9731204092,69.175,11.247,19,77.565,5.4045,19,82.947,18.112,19,51.446,17.966,19,101.31,19.135,19,24.377,11.978,19,-88.3991639537,-99.3060081419
228,46.4293742979,10.200214446,51.446,17.966,19,24.377,11.978,19,69.175,11.247,19,77.565,5.4045,19,82.947,18.112,19,101.31,19.135,19,-97.3585524881,-103.762725093
229,57.8116597593,8.66489368641,51.446,17.966,19,69.175,11.247,19,77.565,5.4045,19,82.947,18.112,19,24.377,11.978,19,101.31,19.135,19,-98.8126285765,-99.0573645114
230,53.5334799313,21.2953801658,51.446,17.966,19,69.175,11.247,19,77.565,5.4045,19,82.947,18.112,19,24.377,11.978,19,101.31,19.135,19,-91.0791836313,-102.48579246
231,56.1193446616,6.05644975672,51.446,17.966,19,69.175,11.247,19,77.565,5.4045,19,82.947,18.112,19,24.377,11.978,19,101.31,19.135,19,-99.7427644638,-100.430090432
232,29.8432304744,16.9006186523,24.377,11.978,19,51.446,17.966,19,69.175,11.247,19,77.565,5.4045,19,82.947,18.112,19,101.31,19.135,19,-95.6808773483,-103.596680785
233,30.6258079884,20.8477718759,24.377,11.978,19,51.446,17.966,19,69.175,11.247,19,77.565,5.4045,19,82.947,18.112,19,101.31,19.135,19,-98.5332555274,-103.386589422
234,75.3385829149,13.4597001865,69.175,11.247,19,77.565,5.4045,19,82.947,18.112,19,51.446,17.966,19,101.31,19.135,19,24.377,11.978,19,-94.8276056272,-96.617404723
235,26.8301489531,24.1304687701,24.377,11.978,19,51.446,17.966,19,69.175,11.247,19,77.565,5.4045,19,82.947,18.112,19,101.31,19.135,19,-99.5119613345,-104.769304926
236,25.8248849835,14.2186609269,24.377,11.978,19,51.446,17.966,19,69.175,11.247,19,77.565,5.4045,19,82.947,18.112,19,101.31,19.135,19,-88.2364311802,-104.917539322
237,43.432544681,19.5981158078,51.446,17.966,19,24.377,11.978,19,69.175,11.247,19,77.565,5.4045,19,82.947,18.112,19,101.31,19.135,19,-96.4582699976,-103.211308673
238,38.1627211704,16.7167275912,51.446,17.966,19,24.377,11.978,19,69.175,11.247,19,77.565,5.4045,19,82.947,18.112,19,101.31,19.135,19,-100.050733108,-100.700768165
239,53.7751609397,13.5946027662,51.446,17.966,19,69.175,11.247,19,77.565,5.4045,19,24.377,11.978,19,82.947,18.112,19,101.31,19.135,19,-92.7781149951,-101.187886453
240,68.9756739211,12.3619589344,69.175,11.247,19,77.565,5.4045,19,82.947,18.112,19,51.446,17.966,19,101.31,19.135,19,24.377,11.978,19,-81.9486838326,-98.6697905586
241,37.8899954237,15.6655650817,51.446,17.966,19,24.377,11.978,19,69.175,11.247,19,77.565,5.4045,19,82.947,18.112,19,101.31,19.135,19,-100.271770624,-100.407847988
242,21.4436573568,-1.77318389078,24.377,11.978,19,51.446,17.966,19,69.175,11.247,19,77.565,5.4045,19,82.947,18.112,19,101.31,19.135,19,-100.435804861,-107.318402325
243,33.5555038511,10.7603757857,24.377,11.978,19,51.446,17.966,19,69.175,11.247,19,77.565,5.4045,19,82.947,18.112,19,101.31,19.135,19,-97.3694238473,-102.755554521
244,33.5789076786,6.22053795028,24.377,11.978,19,51.446,17.966,19,69.175,11.247,19,77.565,5.4045,19,82.947,18.112,19,101.31,19.135,19,-98.5364656359,-103.51236493
245,31.6646089461,8.3043768346,24.377,11.978,19,51.446,17.966,19,69.175,11.247,19,77.565,5.4045,19,82.947,18.112,19,101.31,19.135,19,-96.443175754,-103.72642814
246,42.8916207096,8.17776764134,51.446,17.966,19,24.377,11.978,19,69.175,11.247,19,77.565,5.4045,19,82.947,18.112,19,101.31,19.135,19,-99.8599148516,-102.606996938
247,32.794997157,15.9105611243,24.377,11.978,19,51.446,17.966,19,69.175,11.247,19,77.565,5.4045,19,82.947,18.112,19,101.31,19.135,19,-97.3950262176,-102.553725539
248,38.0382490005,16.5855838529,51.446,17.966,19,24.377,11.978,19,69.175,11.247,19,77.565,5.4045,19,82.947,18.112,19,101.31,19.135,19,-100.125567277,-100.619713131
249,54.0116577297,11.0121045522,51.446,17.966,19,69.175,11.247,19,77.565,5.4045,19,24.377,11.978,19,82.947,18.112,19,101.31,19.135,19,-95.7365665254,-100.990871712
250,40.8103713429,25.9196549724,51.446,17.966,19,24.377,11.978,19,69.175,11.247,19,77.565,5.4045,19,82.947,18.112,19,101.31,19.135,19,-100.016995878,-103.569996907
251,84.9669607259,16.18935068,82.947,18.112,19,77.565,5.4045,19,69.175,11.247,19,101.31,19.135,19,51.446,17.966,19,24.377,11.978,19,-88.5618348397,-99.9055627715
252,72.3719677624,12.6635488285,69.175,11.247,19,77.565,5.4045,19,82.947,18.112,19,51.446,17.966,19,101.31,19.135,19,24.377,11.978,19,-90.2224740447,-97.1001005568
253,73.9204852972,19.0821221728,82.947,18.112,19,69.175,11.247,19,77.565,5.4045,19,51.446,17.966,19,101.31,19.135,19,24.377,11.978,19,-97.224992413,-97.2907288767
254,37.5211989752,9.55464291927,24.377,11.978,19,51.446,17.966,19,69.175,11.247,19,77.565,5.4045,19,82.947,18.112,19,101.31,19.135,19,-100.063830771,-101.506148288
255,44.3241824008,10.0158798738,51.446,17.966,19,24.377,11.978,19,69.175,11.247,19,77.565,5.4045,19,82.947,18.112,19,101.31,19.135,19,-98.4129777906,-103.037892616
256,72.3002123366,12.5522755528,69.175,11.247,19,77.565,5.4045,19,82.947,18.112,19,51.446,17.966,19,101.31,19.135,19,24.377,11.978,19,-89.9880904114,-97.0606076807
257,76.1844148255,21.5713602829,82.947,18.112,19,69.175,11.247,19,77.565,5.4045,19,51.446,17.966,19,101.31,19.135,19,24.377,11.978,19,-95.9164752843,-99.5599684632
258,59.7353219877,6.67530660725,69.175,11.247,19,51.446,17.966,19,77.565,5.4045,19,82.947,18.112,19,24.377,11.978,19,101.31,19.135,19,-98.2845885065,-100.407725186
259,51.126708962,10.9833613641,51.446,17.966,19,69.175,11.247,19,24.377,11.978,19,77.565,5.4045,19,82.947,18.112,19,101.31,19.135,19,-95.3061525728,-102.269109529
260,58.5760698425,10.5739377227,51.446,17.966,19,69.175,11.247,19,77.565,5.4045,19,82.947,18.112,19,24.377,11.978,19,101.31,19.135,19,-98.1303609669,-98.3762541069
261,22.1082779158,15.0614967561,24.377,11.978,19,51.446,17.966,19,69.175,11.247,19,77.565,5.4045,19,82.947,18.112,19,101.31,19.135,19,-90.8871499793,-105.869856881
262,46.8228777836,4.26005596764,51.446,17.966,19,69.175,11.247,19,24.377,11.978,19,77.565,5.4045,19,82.947,18.112,19,101.31,19.135,19,-100.643761803,-104.180162703
263,57.3166090119,10.3344229209,51.446,17.966,19,69.175,11.247,19,77.565,5.4045,19,82.947,18.112,19,24.377,11.978,19,101.31,19.135,19,-97.6565791551,-99.2072615021
264,72.1891363329,11.6391481683,69.175,11.247,19,77.565,5.4045,19,82.947,18.112,19,51.446,17.966,19,101.31,19.135,19,24.377,11.978,19,-89.1940074635,-96.5068639757
265,47.6768949966,5.79842845155,51.446,17.966,19,69.175,11.247,19,24.377,11.978,19,77.565,5.4045,19,82.947,18.112,19,101.31,19.135,19,-99.7107520549,-103.780583498
266,36.1762228681,12.5158403356,24.377,11.978,19,51.446,17.966,19,69.175,11.247,19,77.565,5.4045,19,82.947,18.112,19,101.31,19.135,19,-99.1564963621,-101.481373046
267,33.7001254951,12.9972301951,24.377,11.978,19,51.446,17.966,19,69.175,11.247,19,77.565,5.4045,19,82.947,18.112,19,101.31,19.135,19,-97.4637459407,-102.4212848
268,20.707253192,19.6325318924,24.377,11.978,19,51.446,17.966,19,69.175,11.247,19,77.565,5.4045,19,82.947,18.112,19,101.31,19.135,19,-96.7320171851,-106.187223846
269,43.2999623659,13.795601481,51.446,17.966,19,24.377,11.978,19,69.175,11.247,19,77.565,5.4045,19,82.947,18.112,19,101.31,19.135,19,-97.2837851148,-102.649375616
270,27.2110089957,17.2188270705,24.377,11.978,19,51.446,17.966,19,69.175,11.247,19,77.565,5.4045,19,82.947,18.112,19,101.31,19.135,19,-94.133766665,-104.435127615
271,44.2837474914,2.19400424415,51.446,17.966,19,24.377,11.978,19,69.175,11.247,19,77.565,5.4045,19,82.947,18.112,19,101.31,19.135,19,-101.966888292,-103.781700391
272,105.173468903,14.3649794642,101.31,19.135,19,82.947,18.112,19,77.565,5.4045,19,69.175,11.247,19,51.446,17.966,19,24.377,11.978,19,-94.3526438978,-103.899510208
273,37.0095832819,15.8198593138,24.377,11.978,19,51.446,17.966,19,69.175,11.247,19,77.565,5.4045,19,82.947,18.112,19,101.31,19.135,19,-99.974404734,-100.709640842
274,35.6187434448,8.88710552522,24.377,11.978,19,51.446,17.966,19,69.175,11.247,19,77.565,5.4045,19,82.947,18.112,19,101.31,19.135,19,-99.0610826041,-102.348421073
275,59.959000913,2.81475234572,69.175,11.247,19,51.446,17.966,19,77.565,5.4045,19,82.947,18.112,19,24.377,11.978,19,101.31,19.135,19,-99.5673402123,-101.990998023
276,53.5790680772,16.9216748427,51.446,17.966,19,69.175,11.247,19,77.565,5.4045,19,82.947,18.112,19,24.377,11.978,19,101.31,19.135,19,-87.3832519243,-101.652718696
277,17.5054300597,15.720951705,24.377,11.978,19,51.446,17.966,19,69.175,11.247,19,77.565,5.4045,19,82.947,18.112,19,101.31,19.135,19,-96.134294486,-106.919731627
278,91.433611241,13.7477798882,82.947,18.112,19,101.31,19.135,19,77.565,5.4045,19,69.175,11.247,19,51.446,17.966,19,24.377,11.978,19,-97.5912375157,-98.7991125058
279,38.4712119035,10.617045616,24.377,11.978,19,51.446,17.966,19,69.175,11.247,19,77.565,5.4045,19,82.947,18.112,19,101.31,19.135,19,-100.487405013,-100.867057746
280,79.9988090744,16.3605290493,82.947,18.112,19,77.565,5.4045,19,69.175,11.247,19,101.31,19.135,19,51.446,17.966,19,24.377,11.978,19,-90.0793363862,-98.7814643348
281,48.1609566652,13.3821750284,51.446,17.966,19,69.175,11.247,19,24.377,11.978,19,77.565,5.4045,19,82.947,18.112,19,101.31,19.135,19,-93.7304075836,-103.422661992
282,65.4658318139,12.9364379161,69.175,11.247,19,77.565,5.4045,19,51.446,17.966,19,82.947,18.112,19,101.31,19.135,19,24.377,11.978,19,-91.3471504856,-100.535066202
283,64.9798398371,6.53742263332,69.175,11.247,19,77.565,5.4045,19,51.446,17.966,19,82.947,18.112,19,101.31,19.135,19,24.377,11.978,19,-94.5516768461,-99.6517885333
284,36.7282624195,5.40298057455,24.377,11.978,19,51.446,17.966,19,69.175,11.247,19,77.565,5.4045,19,82.947,18.112,19,101.31,19.135,19,-100.400084605,-102.779648935
285,63.9653270901,11.2153480922,69.175,11.247,19,51.446,17.966,19,77.565,5.4045,19,82.947,18.112,19,101.31,19.135,19,24.377,11.978,19,-93.1487889024,-100.520309945
286,41.7213198259,7.30758274973,51.446,17.966,19,24.377,11.978,19,69.175,11.247,19,77.565,5.4045,19,82.947,18.112,19,101.31,19.135,19,-100.625212283,-102.233205426
287,36.3236831301,16.4261550013,24.377,11.978,19,51.446,17.966,19,69.175,11.247,19,77.565,5.4045,19,82.947,18.112,19,101.31,19.135,19,-99.7164781441,-101.007960979
288,75.9143887852,8.01419857581,77.565,5.4045,19,69.175,11.247,19,82.947,18.112,19,51.446,17.966,19,101.31,19.135,19,24.377,11.978,19,-89.3098335627,-95.79824055
289,79.1675510159,19.5056830209,82.947,18.112,19,69.175,11.247,19,77.565,5.4045,19,101.31,19.135,19,51.446,17.966,19,24.377,11.978,19,-91.2609764103,-99.8396633225
290,52.2956691425,15.1953982798,51.446,17.966,19,69.175,11.247,19,77.565,5.4045,19,24.377,11.978,19,82.947,18.112,19,101.31,19.135,19,-88.8439177855,-101.972362808
291,34.3848512602,10.534810308,24.377,11.978,19,51.446,17.966,19,69.175,11.247,19,77.565,5.4045,19,82.947,18.112,19,101.31,19.135,19,-98.0158486377,-102.49298725
292,13.4677731915,12.8059570366,24.377,11.978,19,51.446,17.966,19,69.175,11.247,19,77.565,5.4045,19,82.947,18.112,19,101.31,19.135,19,-98.5943524181,-107.795820333
293,62.2240001499,14.7154903048,69.175,11.247,19,51.446,17.966,19,77.565,5.4045,19,82.947,18.112,19,24.377,11.978,19,101.31,19.135,19,-96.0810865513,-98.8039198129
294,61.4255280024,14.6902031643,69.175,11.247,19,51.446,17.966,19,77.565,5.4045,19,82.947,18.112,19,24.377,11.978,19,101.31,19.135,19,-96.724424387,-98.2950458363
295,70.1563722845,16.7751584544,69.175,11.247,19,82.947,18.112,19,77.565,5.4045,19,51.446,17.966,19,101.31,19.135,19,24.377,11.978,19,-93.6980324957,-99.7809000086
296,62.8987725449,17.7693601531,69.175,11.247,19,51.446,17.966,19,77.565,5.4045,19,82.947,18.112,19,101.31,19.135,19,24.377,11.978,19,-97.2032488133,-98.931228142
297,19.9916478694,16.6294317168,24.377,11.978,19,51.446,17.966,19,69.175,11.247,19,77.565,5.4045,19,82.947,18.112,19,101.31,19.135,19,-94.6506682269,-106.351981484
298,78.4425302767,14.2267061029,82.947,18.112,19,77.565,5.4045,19,69.175,11.247,19,101.31,19.135,19,51.446,17.966,19,24.377,11.978,19,-94.1221573801,-97.0509416609
299,61.251416124,10.11333028,69.175,11.247,19,51.446,17.966,19,77.565,5.4045,19,82.947,18.112,19,24.377,11.978,19,101.31,19.135,19,-96.3006968322,-99.6088075306
300,26.900026741,15.069576669,24.377,11.978,19,51.446,17.966,19,69.175,11.247,19,77.565,5.4045,19,82.947,18.112,19,101.31,19.135,19,-91.1917846767,-104.575968663
301,53.0511251548,10.9976131417,51.446,17.966,19,69.175,11.247,19,77.565,5.4045,19,24.377,11.978,19,82.947,18.112,19,101.31,19.135,19,-95.4732146928,-101.441667696
302,59.0050135489,10.196993397,69.175,11.247,19,51.446,17.966,19,77.565,5.4045,19,82.947,18.112,19,24.377,11.978,19,101.31,19.135,19,-98.0971827132,-98.5262564293
303,81.5452087029,15.9299411592,82.947,18.112,19,77.565,5.4045,19,69.175,11.247,19,101.31,19.135,19,51.446,17.966,19,24.377,11.978,19,-88.0293202464,-98.8009033213
304,32.8293093653,20.925146188,24.377,11.978,19,51.446,17.966,19,69.175,11.247,19,77.565,5.4045,19,82.947,18.112,19,101.31,19.135,19,-99.4588728979,-102.587475764
305,55.9988482763,15.5855862903,51.446,17.966,19,69.175,11.247,19,77.565,5.4045,19,82.947,18.112,19,24.377,11.978,19,101.31,19.135,19,-93.046386557,-100.336743814
306,20.7079178416,13.0893547644,24.377,11.978,19,51.446,17.966,19,69.175,11.247,19,77.565,5.4045,19,82.947,18.112,19,101.31,19.135,19,-90.8977074269,-106.267520501
307,46.5284385878,18.4943125299,51.446,17.966,19,24.377,11.978,19,69.175,11.247,19,77.565,5.4045,19,82.947,18.112,19,101.31,19.135,19,-92.7672424434,-104.076424356
308,35.7799715843,11.0961740096,24.377,11.978,19,51.446,17.966,19,69.175,11.247,19,77.565,5.4045,19,82.947,18.112,19,101.31,19.135,19,-98.9200430426,-101.874812471
309,34.2124180976,6.16394894681,24.377,11.978,19,51.446,17.966,19,69.175,11.247,19,77.565,5.4045,19,82.947,18.112,19,101.31,19.135,19,-98.9125519444,-103.340613533
310,50.3624589151,12.7725364278,51.446,17.966,19,69.175,11.247,19,24.377,11.978,19,77.565,5.4045,19,82.947,18.112,19,101.31,19.135,19,-93.2821440131,-102.596771706
311,51.7748140425,13.4030059043,51.446,17.966,19,69.175,11.247,19,77.565,5.4045,19,24.377,11.978,19,82.947,18.112,19,101.31,19.135,19,-92.1948872846,-102.055831436
312,83.6783551173,13.0768213075,82.947,18.112,19,77.565,5.4045,19,69.175,11.247,19,101.31,19.135,19,51.446,17.966,19,24.377,11.978,19,-92.9752255458,-97.793821099
313,47.7705700371,18.9783064984,51.446,17.966,19,69.175,11.247,19,24.377,11.978,19,77.565,5.4045,19,82.947,18.112,19,101.31,19.135,19,-90.8565976265,-103.970095672
314,62.929468981,9.91959529626,69.175,11.247,19,51.446,17.966,19,77.565,5.4045,19,82.947,18.112,19,24.377,11.978,19,101.31,19.135,19,-94.6418152002,-100.415611579
315,79.878356735,19.4468893266,82.947,18.112,19,69.175,11.247,19,77.565,5.4045,19,101.31,19.135,19,51.446,17.966,19,24.377,11.978,19,-89.8999578179,-100.12812561
316,42.8645751079,4.40678039726,51.446,17.966,19,24.377,11.978,19,69.175,11.247,19,77.565,5.4045,19,82.947,18.112,19,101.31,19.135,19,-101.405528705,-103.013824208
317,43.3454148224,17.5628018574,51.446,17.966,19,24.377,11.978,19,69.175,11.247,19,77.565,5.4045,19,82.947,18.112,19,101.31,19.135,19,-96.397564222,-102.938363715
318,61.3825383865,26.7825841341,51.446,17.966,19,69.175,11.247,19,82.947,18.112,19,77.565,5.4045,19,24.377,11.978,19,101.31,19.135,19,-100.018862296,-101.991548907
319,38.3568656319,23.8116732645,51.446,17.966,19,24.377,11.978,19,69.175,11.247,19,77.565,5.4045,19,82.947,18.112,19,101.31,19.135,19,-100.57776905,-102.376357366
320,34.1247126104,5.53857371788,24.377,11.978,19,51.446,17.966,19,69.175,11.247,19,77.565,5.4045,19,82.947,18.112,19,101.31,19.135,19,-99.0760004518,-103.490459043
321,72.8042075634,9.80621829447,69.175,11.247,19,77.565,5.4045,19,82.947,18.112,19,51.446,17.966,19,101.31,19.135,19,24.377,11.978,19,-91.0324647732,-94.7545300415
322,54.2297837925,15.2337872168,51.446,17.966,19,69.175,11.247,19,77.565,5.4045,19,82.947,18.112,19,24.377,11.978,19,101.31,19.135,19,-91.0246194161,-101.135916406
323,52.0704348697,18.9202450863,51.446,17.966,19,69.175,11.247,19,24.377,11.978,19,77.565,5.4045,19,82.947,18.112,19,101.31,19.135,19,-81.9987965447,-102.547049802
324,49.8368648741,14.9889883936,51.446,17.966,19,69.175,11.247,19,24.377,11.978,19,77.565,5.4045,19,82.947,18.112,19,101.31,19.135,19,-89.9820764657,-102.909862709
325,65.7834666298,8.31177119229,69.175,11.247,19,77.565,5.4045,19,51.446,17.966,19,82.947,18.112,19,101.31,19.135,19,24.377,11.978,19,-92.0498604894,-99.3547923634
326,24.3815692701,15.1476317572,24.377,11.978,19,51.446,17.966,19,69.175,11.247,19,77.565,5.4045,19,82.947,18.112,19,101.31,19.135,19,-89.5016132273,-105.281679777
327,51.0709125354,15.1939178207,51.446,17.966,19,69.175,11.247,19,24.377,11.978,19,77.565,5.4045,19,82.947,18.112,19,101.31,19.135,19,-88.5845605138,-102.461386701
328,53.6122743333,9.10283914674,51.446,17.966,19,69.175,11.247,19,77.565,5.4045,19,24.377,11.978,19,82.947,18.112,19,101.31,19.135,19,-97.2617314838,-101.249811663
329,20.2096933608,5.84732117634,24.377,11.978,19,51.446,17.966,19,69.175,11.247,19,77.565,5.4045,19,82.947,18.112,19,101.31,19.135,19,-95.7373951164,-106.808857698
330,61.0402301022,13.1891358411,69.175,11.247,19,51.446,17.966,19,77.565,5.4045,19,82.947,18.112,19,24.377,11.978,19,101.31,19.135,19,-96.6228226517,-98.443228628
331,41.9534566621,11.3004429527,51.446,17.966,19,24.377,11.978,19,69.175,11.247,19,77.565,5.4045,19,82.947,18.112,19,101.31,19.135,19,-99.0232975062,-102.079345544
332,62.409147341,17.4741847859,69.175,11.247,19,51.446,17.966,19,77.565,5.4045,19,82.947,18.112,19,24.377,11.978,19,101.31,19.135,19,-97.3188660702,-98.6168404464
333,64.5690210387,18.9852098081,69.175,11.247,19,51.446,17.966,19,82.947,18.112,19,77.565,5.4045,19,101.31,19.135,19,24.377,11.978,19,-97.1655536589,-99.9513979415
334,46.7192061566,15.1363578732,51.446,17.966,19,24.377,11.978,19,69.175,11.247,19,77.565,5.4045,19,82.947,18.112,19,101.31,19.135,19,-93.5587317492,-103.90739897
335,37.2659341418,17.0750692594,24.377,11.978,19,51.446,17.966,19,69.175,11.247,19,77.565,5.4045,19,82.947,18.112,19,101.31,19.135,19,-100.330453471,-100.512377389
336,40.0438731455,6.39880283741,51.446,17.966,19,24.377,11.978,19,69.175,11.247,19,77.565,5.4045,19,82.947,18.112,19,101.31,19.135,19,-101.494447604,-101.667920421
337,91.9814628044,14.1965998767,82.947,18.112,19,101.31,19.135,19,77.565,5.4045,19,69.175,11.247,19,51.446,17.966,19,24.377,11.978,19,-97.8209567651,-98.3310462943
338,75.4044200016,5.58114646188,77.565,5.4045,19,69.175,11.247,19,82.947,18.112,19,51.446,17.966,19,101.31,19.135,19,24.377,11.978,19,-86.7132447477,-96.6729092038
339,58.8177906902,13.4607200562,51.446,17.966,19,69.175,11.247,19,77.565,5.4045,19,82.947,18.112,19,24.377,11.978,19,101.31,19.135,19,-96.8612085629,-98.3560915971
340,64.3744184874,10.6679582969,69.175,11.247,19,77.565,5.4045,19,51.446,17.966,19,82.947,18.112,19,101.31,19.135,19,24.377,11.978,19,-92.6014296959,-100.509238482
341,47.1821235711,14.7157018219,51.446,17.966,19,69.175,11.247,19,24.377,11.978,19,77.565,5.4045,19,82.947,18.112,19,101.31,19.135,19,-93.3594185355,-103.809293587
342,37.9521398204,19.8131393205,51.446,17.966,19,24.377,11.978,19,69.175,11.247,19,77.565,5.4045,19,82.947,18.112,19,101.31,19.135,19,-100.201987344,-101.233089385
343,80.3187981492,-0.31960444532,77.565,5.4045,19,69.175,11.247,19,82.947,18.112,19,101.31,19.135,19,51.446,17.966,19,24.377,11.978,19,-94.6038232975,-101.412324679
344,65.8155797813,11.2994834545,69.175,11.247,19,77.565,5.4045,19,51.446,17.966,19,82.947,18.112,19,101.31,19.135,19,24.377,11.978,19,-89.9293195056,-99.9417950513
345,76.6788682932,14.9563928601,82.947,18.112,19,69.175,11.247,19,77.565,5.4045,19,101.31,19.135,19,51.446,17.966,19,24.377,11.978,19,-95.3351905612,-96.6291792356
346,25.9674132621,9.12804736311,24.377,11.978,19,51.446,17.966,19,69.175,11.247,19,77.565,5.4045,19,82.947,18.112,19,101.31,19.135,19,-89.7162274834,-105.215874002
347,58.7866499848,6.36411743462,69.175,11.247,19,51.446,17.966,19,77.565,5.4045,19,82.947,18.112,19,24.377,11.978,19,101.31,19.135,19,-98.9467379996,-100.260720028
348,44.2046850525,25.1566513271,51.446,17.966,19,24.377,11.978,19,69.175,11.247,19,77.565,5.4045,19,82.947,18.112,19,101.31,19.135,19,-98.083499522,-104.301129171
349,45.4794545677,23.8878842095,51.446,17.966,19,24.377,11.978,19,69.175,11.247,19,77.565,5.4045,19,82.947,18.112,19,101.31,19.135,19,-96.6605089603,-104.430542139
350,46.6766690717,9.95710175726,51.446,17.966,19,24.377,11.978,19,69.175,11.247,19,77.565,5.4045,19,82.947,18.112,19,101.31,19.135,19,-97.4188079442,-103.85081619
351,61.0036349218,12.4635612465,69.175,11.247,19,51.446,17.966,19,77.565,5.4045,19,82.947,18.112,19,24.377,11.978,19,101.31,19.135,19,-96.5327902171,-98.6530063942
352,55.6853925814,6.45643400269,51.446,17.966,19,69.175,11.247,19,77.565,5.4045,19,82.947,18.112,19,24.377,11.978,19,101.31,19.135,19,-99.4333392351,-100.567427099
353,15.5904978849,16.8102211411,24.377,11.978,19,51.446,17.966,19,69.175,11.247,19,77.565,5.4045,19,82.947,18.112,19,101.31,19.135,19,-97.9547940344,-107.310361013
354,63.6353754613,13.6274658495,69.175,11.247,19,51.446,17.966,19,77.565,5.4045,19,82.947,18.112,19,101.31,19.135,19,24.377,11.978,19,-94.2212286583,-99.8253725708
355,52.0743932687,10.720085444,51.446,17.966,19,69.175,11.247,19,77.565,5.4045,19,24.377,11.978,19,82.947,18.112,19,101.31,19.135,19,-95.5976292143,-101.875933909
356,68.851991239,10.4907540942,69.175,11.247,19,77.565,5.4045,19,82.947,18.112,19,51.446,17.966,19,101.31,19.135,19,24.377,11.978,19,-81.0345567204,-97.9995388365
357,55.6701832264,17.2471904943,51.446,17.966,19,69.175,11.247,19,77.565,5.4045,19,82.947,18.112,19,24.377,11.978,19,101.31,19.135,19,-91.7143629966,-100.800945095
358,65.2505336202,21.5062556003,69.175,11.247,19,51.446,17.966,19,82.947,18.112,19,77.565,5.4045,19,101.31,19.135,19,24.377,11.978,19,-98.6235770485,-100.534679521
359,34.2477844758,8.99913399846,24.377,11.978,19,51.446,17.966,19,69.175,11.247,19,77.565,5.4045,19,82.947,18.112,19,101.31,19.135,19,-98.1589709324,-102.796682626
360,69.3656532874,20.0736304855,69.175,11.247,19,82.947,18.112,19,77.565,5.4045,19,51.446,17.966,19,101.31,19.135,19,24.377,11.978,19,-97.0202030475,-100.257060881
361,35.2041001475,10.4981428359,24.377,11.978,19,51.446,17.966,19,69.175,11.247,19,77.565,5.4045,19,82.947,18.112,19,101.31,19.135,19,-98.5857373124,-102.198118789
362,39.2164031422,6.58595776786,24.377,11.978,19,51.446,17.966,19,69.175,11.247,19,77.565,5.4045,19,82.947,18.112,19,101.31,19.135,19,-101.286595072,-101.700811825
363,97.0485338374,6.40963101681,101.31,19.135,19,82.947,18.112,19,77.565,5.4045,19,69.175,11.247,19,51.446,17.966,19,24.377,11.978,19,-100.093547944,-102.37992432
364,76.3801216167,15.0166830032,82.947,18.112,19,69.175,11.247,19,77.565,5.4045,19,51.446,17.966,19,101.31,19.135,19,24.377,11.978,19,-95.5841961553,-96.4166072142
365,4.42875547562,21.2700601389,24.377,11.978,19,51.446,17.966,19,69.175,11.247,19,77.565,5.4045,19,82.947,18.112,19,101.31,19.135,19,-103.723583338,-109.313781036
366,56.0968903468,13.6169029475,51.446,17.966,19,69.175,11.247,19,77.565,5.4045,19,82.947,18.112,19,24.377,11.978,19,101.31,19.135,19,-94.6216655204,-100.022737461
367,56.9520500802,9.09807190118,51.446,17.966,19,69.175,11.247,19,77.565,5.4045,19,82.947,18.112,19,24.377,11.978,19,101.31,19.135,19,-98.2493537443,-99.5195451752
368,100.039307265,16.6830213896,101.31,19.135,19,82.947,18.112,19,77.565,5.4045,19,69.175,11.247,19,51.446,17.966,19,24.377,11.978,19,-88.4903780977,-101.894449399
369,73.7625764737,11.8316818691,69.175,11.247,19,77.565,5.4045,19,82.947,18.112,19,51.446,17.966,19,101.31,19.135,19,24.377,11.978,19,-92.2744450793,-95.7914507724
370,32.0988996397,12.1312309024,24.377,11.978,19,51.446,17.966,19,69.175,11.247,19,77.565,5.4045,19,82.947,18.112,19,101.31,19.135,19,-96.0385396779,-103.097825193
371,60.7884914535,12.2621488007,69.175,11.247,19,51.446,17.966,19,77.565,5.4045,19,82.947,18.112,19,24.377,11.978,19,101.31,19.135,19,-96.6964585392,-98.5980089149
372,37.1196699289,14.2064919224,24.377,11.978,19,51.446,17.966,19,69.175,11.247,19,77.565,5.4045,19,82.947,18.112,19,101.31,19.135,19,-99.8240144944,-100.817632068
373,40.3380585125,3.03760483492,24.377,11.978,19,51.446,17.966,19,69.175,11.247,19,77.565,5.4045,19,82.947,18.112,19,101.31,19.135,19,-102.367744583,-102.492329858
374,61.2168434853,22.9138562403,51.446,17.966,19,69.175,11.247,19,82.947,18.112,19,77.565,5.4045,19,24.377,11.978,19,101.31,19.135,19,-98.6021291605,-100.468113694
375,36.6593020893,13.8600162129,24.377,11.978,19,51.446,17.966,19,69.175,11.247,19,77.565,5.4045,19,82.947,18.112,19,101.31,19.135,19,-99.5285533943,-101.077966219
376,87.6871938637,8.02641087968,77.565,5.4045,19,82.947,18.112,19,101.31,19.135,19,69.175,11.247,19,51.446,17.966,19,24.377,11.978,19,-98.2620124703,-98.7295457467
377,76.39235054,20.3302370748,82.947,18.112,19,69.175,11.247,19,77.565,5.4045,19,101.31,19.135,19,51.446,17.966,19,24.377,11.978,19,-95.2321661907,-99.0248605468
378,43.5170932814,11.1638771843,51.446,17.966,19,24.377,11.978,19,69.175,11.247,19,77.565,5.4045,19,82.947,18.112,19,101.31,19.135,19,-98.2554012717,-102.706044627
379,48.9300100312,15.0109665362,51.446,17.966,19,69.175,11.247,19,24.377,11.978,19,77.565,5.4045,19,82.947,18.112,19,101.31,19.135,19,-90.9877694066,-103.236032435
380,36.3553039265,13.8517009507,24.377,11.978,19,51.446,17.966,19,69.175,11.247,19,77.565,5.4045,19,82.947,18.112,19,101.31,19.135,19,-99.3481515326,-101.2178623
381,35.3408650784,21.6116202297,24.377,11.978,19,51.446,17.966,19,69.175,11.247,19,77.565,5.4045,19,82.947,18.112,19,101.31,19.135,19,-100.70958793,-101.615637454
382,25.2002538193,12.6265048919,24.377,11.978,19,51.446,17.966,19,69.175,11.247,19,77.565,5.4045,19,82.947,18.112,19,101.31,19.135,19,-81.3786672279,-105.165481471
383,46.6779724849,21.356469954,51.446,17.966,19,24.377,11.978,19,69.175,11.247,19,77.565,5.4045,19,82.947,18.112,19,101.31,19.135,19,-94.0002277856,-104.418836734
384,30.3881790296,14.9434260867,24.377,11.978,19,51.446,17.966,19,69.175,11.247,19,77.565,5.4045,19,82.947,18.112,19,101.31,19.135,19,-94.9983281565,-103.475083384
385,7.20557178433,19.4608685875,24.377,11.978,19,51.446,17.966,19,69.175,11.247,19,77.565,5.4045,19,82.947,18.112,19,101.31,19.135,19,-102.54084651,-108.853090817
386,54.8501126061,16.1543701491,51.446,17.966,19,69.175,11.247,19,77.565,5.4045,19,82.947,18.112,19,24.377,11.978,19,101.31,19.135,19,-90.9405807893,-100.979725799
387,74.9864006039,3.66474018342,77.565,5.4045,19,69.175,11.247,19,82.947,18.112,19,51.446,17.966,19,101.31,19.135,19,24.377,11.978,19,-89.363663624,-97.599048925
388,23.5021900878,12.5925144146,24.377,11.978,19,51.446,17.966,19,69.175,11.247,19,77.565,5.4045,19,82.947,18.112,19,101.31,19.135,19,-81.5247916235,-105.61003556
389,80.5170177023,6.8627805811,77.565,5.4045,19,82.947,18.112,19,69.175,11.247,19,101.31,19.135,19,51.446,17.966,19,24.377,11.978,19,-89.7808895555,-98.9658889195
390,55.2953126596,18.8134235629,51.446,17.966,19,69.175,11.247,19,77.565,5.4045,19,82.947,18.112,19,24.377,11.978,19,101.31,19.135,19,-91.1012158986,-101.295629984
391,44.0526378952,6.41392351883,51.446,17.966,19,24.377,11.978,19,69.175,11.247,19,77.565,5.4045,19,82.947,18.112,19,101.31,19.135,19,-100.253381503,-103.184283498
392,49.1040984393,10.1704058392,51.446,17.966,19,69.175,11.247,19,24.377,11.978,19,77.565,5.4045,19,82.947,18.112,19,101.31,19.135,19,-96.4238982087,-103.058480568
393,65.6671773242,14.7780176098,69.175,11.247,19,51.446,17.966,19,77.565,5.4045,19,82.947,18.112,19,101.31,19.135,19,24.377,11.978,19,-92.813661882,-100.699100746
394,47.0081827572,14.255821185,51.446,17.966,19,69.175,11.247,19,24.377,11.978,19,77.565,5.4045,19,82.947,18.112,19,101.31,19.135,19,-93.9167623573,-103.84394039
395,66.1040087836,17.6516071988,69.175,11.247,19,51.446,17.966,19,77.565,5.4045,19,82.947,18.112,19,101.31,19.135,19,24.377,11.978,19,-95.4237321876,-100.742911702
396,50.4136605391,22.3112024401,51.446,17.966,19,69.175,11.247,19,24.377,11.978,19,77.565,5.4045,19,82.947,18.112,19,101.31,19.135,19,-92.0184320039,-103.648013569
397,68.3836227672,16.7914278334,69.175,11.247,19,82.947,18.112,19,77.565,5.4045,19,51.446,17.966,19,101.31,19.135,19,24.377,11.978,19,-93.6797485119,-100.723737388
398,77.3126927211,14.3172075375,82.947,18.112,19,69.175,11.247,19,77.565,5.4045,19,101.31,19.135,19,51.446,17.966,19,24.377,11.978,19,-95.0964790723,-96.9104057113
399,73.475258689,11.8475138101,69.175,11.247,19,77.565,5.4045,19,82.947,18.112,19,51.446,17.966,19,101.31,19.135,19,24.377,11.978,19,-91.8114908434,-95.9505771357
400,51.1145087822,14.7987483709,51.446,17.966,19,69.175,11.247,19,24.377,11.978,19,77.565,5.4045,19,82.947,18.112,19,101.31,19.135,19,-89.5360729763,-102.412537948
401,89.7946959636,14.4376985454,82.947,18.112,19,101.31,19.135,19,77.565,5.4045,19,69.175,11.247,19,51.446,17.966,19,24.377,11.978,19,-96.0837981902,-99.5349638308
402,68.3474430953,18.5257158104,69.175,11.247,19,82.947,18.112,19,77.565,5.4045,19,51.446,17.966,19,101.31,19.135,19,24.377,11.978,19,-95.6504163201,-100.714842952
403,58.3668728327,8.79505924364,69.175,11.247,19,51.446,17.966,19,77.565,5.4045,19,82.947,18.112,19,24.377,11.978,19,101.31,19.135,19,-98.68910842,-98.9535352998
404,62.7905754031,24.2968264963,51.446,17.966,19,69.175,11.247,19,82.947,18.112,19,77.565,5.4045,19,101.31,19.135,19,24.377,11.978,19,-99.8553919571,-100.675766848
405,77.3242324803,17.3378675154,82.947,18.112,19,69.175,11.247,19,77.565,5.4045,19,101.31,19.135,19,51.446,17.966,19,24.377,11.978,19,-93.7776246921,-98.0611096174
406,37.054083239,10.3914320596,24.377,11.978,19,51.446,17.966,19,69.175,11.247,19,77.565,5.4045,19,82.947,18.112,19,101.31,19.135,19,-99.7326184713,-101.504072382
407,54.4666013424,19.5625881224,51.446,17.966,19,69.175,11.247,19,77.565,5.4045,19,82.947,18.112,19,24.377,11.978,19,101.31,19.135,19,-90.0522883672,-101.784248373
408,43.7480004738,13.2124136821,51.446,17.966,19,24.377,11.978,19,69.175,11.247,19,77.565,5.4045,19,82.947,18.112,19,101.31,19.135,19,-97.1998237197,-102.802298692
409,91.5736868433,28.1274543638,82.947,18.112,19,101.31,19.135,19,77.565,5.4045,19,69.175,11.247,19,51.446,17.966,19,24.377,11.978,19,-99.9825419898,-100.002043157
410,89.2252386877,22.3902155851,82.947,18.112,19,101.31,19.135,19,77.565,5.4045,19,69.175,11.247,19,51.446,17.966,19,24.377,11.978,19,-95.9177266083,-99.5814347565
411,42.6466727433,16.0260216188,51.446,17.966,19,24.377,11.978,19,69.175,11.247,19,77.565,5.4045,19,82.947,18.112,19,101.31,19.135,19,-97.1699289627,-102.533686705
412,59.8998536705,19.0417770046,51.446,17.966,19,69.175,11.247,19,77.565,5.4045,19,82.947,18.112,19,24.377,11.978,19,101.31,19.135,19,-96.7607315184,-99.3430640939
413,90.2138262304,15.4346382615,82.947,18.112,19,101.31,19.135,19,77.565,5.4045,19,69.175,11.247,19,51.446,17.966,19,24.377,11.978,19,-96.0584071843,-99.0849603546
414,15.4986617575,18.8873613721,24.377,11.978,19,51.446,17.966,19,69.175,11.247,19,77.565,5.4045,19,82.947,18.112,19,101.31,19.135,19,-98.7990826135,-107.327734639
415,42.3329583517,14.5146883661,51.446,17.966,19,24.377,11.978,19,69.175,11.247,19,77.565,5.4045,19,82.947,18.112,19,101.31,19.135,19,-97.7447401345,-102.303202227
416,71.6042859143,21.6260882117,69.175,11.247,19,82.947,18.112,19,77.565,5.4045,19,51.446,17.966,19,101.31,19.135,19,24.377,11.978,19,-98.4033725777,-99.1956138282
417,72.4846761952,12.7602952226,69.175,11.247,19,77.565,5.4045,19,82.947,18.112,19,51.446,17.966,19,101.31,19.135,19,24.377,11.978,19,-90.5156239747,-97.1118767081
418,24.4217516391,11.6731568578,24.377,11.978,19,51.446,17.966,19,69.175,11.247,19,77.565,5.4045,19,82.947,18.112,19,101.31,19.135,19,-81.0345567204,-105.424973787
419,47.4407252189,17.1322449654,51.446,17.966,19,69.175,11.247,19,24.377,11.978,19,77.565,5.4045,19,82.947,18.112,19,101.31,19.135,19,-91.3747144766,-103.891981163
420,34.5627972609,15.4927653316,24.377,11.978,19,51.446,17.966,19,69.175,11.247,19,77.565,5.4045,19,82.947,18.112,19,101.31,19.135,19,-98.4825167119,-101.856462422
421,26.7280804459,5.54577066074,24.377,11.978,19,51.446,17.966,19,69.175,11.247,19,77.565,5.4045,19,82.947,18.112,19,101.31,19.135,19,-95.156057501,-105.402635674
422,51.4331031051,12.2156172436,51.446,17.966,19,69.175,11.247,19,77.565,5.4045,19,24.377,11.978,19,82.947,18.112,19,101.31,19.135,19,-93.8734503074,-102.153579501
423,61.6801725505,15.0007848711,69.175,11.247,19,51.446,17.966,19,77.565,5.4045,19,82.947,18.112,19,24.377,11.978,19,101.31,19.135,19,-96.639414965,-98.4002670997
424,102.687074119,18.7399756774,101.31,19.135,19,82.947,18.112,19,77.565,5.4045,19,69.175,11.247,19,51.446,17.966,19,24.377,11.978,19,-83.6731301633,-102.929663098
425,46.7615815316,16.1292643899,51.446,17.966,19,24.377,11.978,19,69.175,11.247,19,77.565,5.4045,19,82.947,18.112,19,101.31,19.135,19,-92.8934443869,-103.97278554
426,41.6134297212,8.63827674864,51.446,17.966,19,24.377,11.978,19,69.175,11.247,19,77.565,5.4045,19,82.947,18.112,19,101.31,19.135,19,-100.165996591,-102.065767087
427,69.1573809205,2.45142344091,69.175,11.247,19,77.565,5.4045,19,82.947,18.112,19,51.446,17.966,19,101.31,19.135,19,24.377,11.978,19,-96.9926383388,-97.0884429619
428,40.1763840581,13.8088364067,51.446,17.966,19,24.377,11.978,19,69.175,11.247,19,77.565,5.4045,19,82.947,18.112,19,101.31,19.135,19,-99.2800075828,-101.340526192
429,60.0593085957,2.79227105624,69.175,11.247,19,51.446,17.966,19,77.565,5.4045,19,82.947,18.112,19,24.377,11.978,19,101.31,19.135,19,-99.5328610899,-102.020039335
430,45.1460832532,16.7213508665,51.446,17.966,19,24.377,11.978,19,69.175,11.247,19,77.565,5.4045,19,82.947,18.112,19,101.31,19.135,19,-94.683830512,-103.485499925
431,29.6111372307,10.21152495,24.377,11.978,19,51.446,17.966,19,69.175,11.247,19,77.565,5.4045,19,82.947,18.112,19,101.31,19.135,19,-93.578890352,-104.102108927
432,55.6176267781,7.99169120199,51.446,17.966,19,69.175,11.247,19,77.565,5.4045,19,82.947,18.112,19,24.377,11.978,19,101.31,19.135,19,-98.5072536116,-100.374028872
433,55.0650685313,6.68858325666,51.446,17.966,19,69.175,11.247,19,77.565,5.4045,19,82.947,18.112,19,24.377,11.978,19,101.31,19.135,19,-99.1766129344,-100.825848026
434,53.5790567608,6.07729212881,51.446,17.966,19,69.175,11.247,19,77.565,5.4045,19,24.377,11.978,19,82.947,18.112,19,101.31,19.135,19,-99.320605252,-101.579027639
435,75.3256757714,22.4546310551,82.947,18.112,19,69.175,11.247,19,77.565,5.4045,19,51.446,17.966,19,101.31,19.135,19,24.377,11.978,19,-96.972687056,-99.7374753661
436,16.4224194484,15.8635353431,24.377,11.978,19,51.446,17.966,19,69.175,11.247,19,77.565,5.4045,19,82.947,18.112,19,101.31,19.135,19,-97.0402510711,-107.147450569
437,50.6867079368,11.5325307406,51.446,17.966,19,69.175,11.247,19,24.377,11.978,19,77.565,5.4045,19,82.947,18.112,19,101.31,19.135,19,-94.7480457129,-102.445987713
438,87.5650204901,13.4410391071,82.947,18.112,19,77.565,5.4045,19,101.31,19.135,19,69.175,11.247,19,51.446,17.966,19,24.377,11.978,19,-94.8496332186,-99.7630849091
439,77.6317545755,6.69351002799,77.565,5.4045,19,69.175,11.247,19,82.947,18.112,19,101.31,19.135,19,51.446,17.966,19,24.377,11.978,19,-82.9077171103,-97.6385611302
440,34.5336344395,11.3776349213,24.377,11.978,19,51.446,17.966,19,69.175,11.247,19,77.565,5.4045,19,82.947,18.112,19,101.31,19.135,19,-98.0614288398,-102.309707254
441,19.0066351326,20.6723941747,24.377,11.978,19,51.446,17.966,19,69.175,11.247,19,77.565,5.4045,19,82.947,18.112,19,101.31,19.135,19,-98.0937465952,-106.597134207
442,66.6283364493,10.7810314616,69.175,11.247,19,77.565,5.4045,19,51.446,17.966,19,82.947,18.112,19,101.31,19.135,19,24.377,11.978,19,-88.0163246251,-99.3860826412
443,75.4231215775,21.1181782514,82.947,18.112,19,69.175,11.247,19,77.565,5.4045,19,51.446,17.966,19,101.31,19.135,19,24.377,11.978,19,-96.3899584376,-99.0758679275
444,44.7183433662,8.43665098612,51.446,17.966,19,24.377,11.978,19,69.175,11.247,19,77.565,5.4045,19,82.947,18.112,19,101.31,19.135,19,-99.0648449992,-103.25574944
445,47.8948514841,19.6259673158,51.446,17.966,19,69.175,11.247,19,24.377,11.978,19,77.565,5.4045,19,82.947,18.112,19,101.31,19.135,19,-91.0610308961,-104.006259543
446,30.6011942576,7.27092303734,24.377,11.978,19,51.446,17.966,19,69.175,11.247,19,77.565,5.4045,19,82.947,18.112,19,101.31,19.135,19,-96.1144021662,-104.183211659
447,41.2663511666,10.8434032603,51.446,17.966,19,24.377,11.978,19,69.175,11.247,19,77.565,5.4045,19,82.947,18.112,19,101.31,19.135,19,-99.5275955174,-101.797740025
448,62.9637583981,-0.476601603335,69.175,11.247,19,77.565,5.4045,19,51.446,17.966,19,82.947,18.112,19,24.377,11.978,19,101.31,19.135,19,-100.009604897,-101.264470023
449,43.7507764976,12.7762481486,51.446,17.966,19,24.377,11.978,19,69.175,11.247,19,77.565,5.4045,19,82.947,18.112,19,101.31,19.135,19,-97.3874633842,-102.794702863
450,62.8094657724,20.5638882091,69.175,11.247,19,51.446,17.966,19,82.947,18.112,19,77.565,5.4045,19,101.31,19.135,19,24.377,11.978,19,-98.8210609835,-99.0596501903
451,61.8588176807,15.7113567765,69.175,11.247,19,51.446,17.966,19,77.565,5.4045,19,82.947,18.112,19,24.377,11.978,19,101.31,19.135,19,-96.8025374139,-98.3996011472
452,19.8538297173,10.7559604322,24.377,11.978,19,51.446,17.966,19,69.175,11.247,19,77.565,5.4045,19,82.947,18.112,19,101.31,19.135,19,-92.3700880607,-106.563780674
453,86.9183554474,14.2769717468,82.947,18.112,19,77.565,5.4045,19,101.31,19.135,19,69.175,11.247,19,51.446,17.966,19,24.377,11.978,19,-93.5743754909,-99.7990216032
454,36.935681524,15.2417193039,24.377,11.978,19,51.446,17.966,19,69.175,11.247,19,77.565,5.4045,19,82.947,18.112,19,101.31,19.135,19,-99.846544654,-100.794026677
455,44.2722501012,7.14242099044,51.446,17.966,19,24.377,11.978,19,69.175,11.247,19,77.565,5.4045,19,82.947,18.112,19,101.31,19.135,19,-99.8517763495,-103.19404976
456,90.5491729536,4.59829112002,77.565,5.4045,19,82.947,18.112,19,101.31,19.135,19,69.175,11.247,19,51.446,17.966,19,24.377,11.978,19,-99.8653794566,-101.153656895
457,32.7824101214,13.9147806126,24.377,11.978,19,51.446,17.966,19,69.175,11.247,19,77.565,5.4045,19,82.947,18.112,19,101.31,19.135,19,-96.8494485711,-102.683336175
458,82.0140978104,15.9995145915,82.947,18.112,19,77.565,5.4045,19,69.175,11.247,19,101.31,19.135,19,51.446,17.966,19,24.377,11.978,19,-87.1773985435,-98.9547630514
459,33.5762419082,15.620385026,24.377,11.978,19,51.446,17.966,19,69.175,11.247,19,77.565,5.4045,19,82.947,18.112,19,101.31,19.135,19,-97.8564088246,-102.258052888
460,44.9813304885,11.7600140623,51.446,17.966,19,24.377,11.978,19,69.175,11.247,19,77.565,5.4045,19,82.947,18.112,19,101.31,19.135,19,-97.1296870232,-103.240866223
461,71.1224748183,16.1250302542,69.175,11.247,19,82.947,18.112,19,77.565,5.4045,19,51.446,17.966,19,101.31,19.135,19,24.377,11.978,19,-93.2086209179,-99.2667883954
462,25.7231381582,19.3039579559,24.377,11.978,19,51.446,17.966,19,69.175,11.247,19,77.565,5.4045,19,82.947,18.112,19,101.31,19.135,19,-95.772625359,-104.878867818
463,66.7264896044,21.0851431833,69.175,11.247,19,51.446,17.966,19,82.947,18.112,19,77.565,5.4045,19,101.31,19.135,19,24.377,11.978,19,-98.0353367634,-101.196287136
464,106.563047143,12.778506049,101.31,19.135,19,82.947,18.112,19,77.565,5.4045,19,69.175,11.247,19,51.446,17.966,19,24.377,11.978,19,-96.5192311089,-104.424317473
465,60.9463508417,10.5809480852,69.175,11.247,19,51.446,17.966,19,77.565,5.4045,19,82.947,18.112,19,24.377,11.978,19,101.31,19.135,19,-96.5275743568,-99.2929410209
466,69.3978052928,25.8568331571,69.175,11.247,19,82.947,18.112,19,51.446,17.966,19,77.565,5.4045,19,101.31,19.135,19,24.377,11.978,19,-100.71791495,-101.201424105
467,45.6212592778,11.6732689182,51.446,17.966,19,24.377,11.978,19,69.175,11.247,19,77.565,5.4045,19,82.947,18.112,19,101.31,19.135,19,-96.8059861038,-103.465694644
468,50.7332004886,15.6879970063,51.446,17.966,19,69.175,11.247,19,24.377,11.978,19,77.565,5.4045,19,82.947,18.112,19,101.31,19.135,19,-87.4200125523,-102.633502217
469,75.5061361849,15.0747754679,69.175,11.247,19,82.947,18.112,19,77.565,5.4045,19,51.446,17.966,19,101.31,19.135,19,24.377,11.978,19,-95.7229070902,-96.3305208254
470,77.0573780783,15.3135352339,82.947,18.112,19,69.175,11.247,19,77.565,5.4045,19,101.31,19.135,19,51.446,17.966,19,24.377,11.978,19,-94.7960878627,-97.0540784041
471,27.9938175369,9.15657277019,24.377,11.978,19,51.446,17.966,19,69.175,11.247,19,77.565,5.4045,19,82.947,18.112,19,101.31,19.135,19,-92.2146107386,-104.675041083
472,64.6986664957,26.952625389,51.446,17.966,19,69.175,11.247,19,82.947,18.112,19,77.565,5.4045,19,101.31,19.135,19,24.377,11.978,19,-101.389808154,-101.534509414
473,73.2724715838,18.9496015558,69.175,11.247,19,82.947,18.112,19,77.565,5.4045,19,51.446,17.966,19,101.31,19.135,19,24.377,11.978,19,-96.933189787,-97.7191056659
474,48.463693288,14.7190175425,51.446,17.966,19,69.175,11.247,19,24.377,11.978,19,77.565,5.4045,19,82.947,18.112,19,101.31,19.135,19,-91.9234828921,-103.380172074
475,34.2991978336,-0.081026295828,24.377,11.978,19,51.446,17.966,19,69.175,11.247,19,77.565,5.4045,19,82.947,18.112,19,101.31,19.135,19,-101.206046899,-104.628537635
476,24.8283115135,14.8971673396,24.377,11.978,19,51.446,17.966,19,69.175,11.247,19,77.565,5.4045,19,82.947,18.112,19,101.31,19.135,19,-88.9841171999,-105.168394629
477,40.4364391808,12.5910611417,51.446,17.966,19,24.377,11.978,19,69.175,11.247,19,77.565,5.4045,19,82.947,18.112,19,101.31,19.135,19,-99.42498328,-101.416744121
478,63.7489559387,16.5835600321,69.175,11.247,19,51.446,17.966,19,77.565,5.4045,19,82.947,18.112,19,101.31,19.135,19,24.377,11.978,19,-95.9305104011,-99.5017622423
479,52.6208607495,6.15185051896,51.446,17.966,19,69.175,11.247,19,77.565,5.4045,19,24.377,11.978,19,82.947,18.112,19,101.31,19.135,19,-99.1942718753,-101.966232235
480,36.5566465656,12.1435212561,24.377,11.978,19,51.446,17.966,19,69.175,11.247,19,77.565,5.4045,19,82.947,18.112,19,101.31,19.135,19,-99.3824606151,-101.378361251
481,61.2403584318,19.893274362,51.446,17.966,19,69.175,11.247,19,82.947,18.112,19,77.565,5.4045,19,24.377,11.978,19,101.31,19.135,19,-97.9214632021,-99.1089908132
482,54.0181717231,8.32858404307,51.446,17.966,19,69.175,11.247,19,77.565,5.4045,19,24.377,11.978,19,82.947,18.112,19,101.31,19.135,19,-97.9160088244,-101.120432358
483,34.3566620282,15.1255038223,24.377,11.978,19,51.446,17.966,19,69.175,11.247,19,77.565,5.4045,19,82.947,18.112,19,101.31,19.135,19,-98.2676205895,-101.967624243
484,46.7402272875,14.1495750538,51.446,17.966,19,24.377,11.978,19,69.175,11.247,19,77.565,5.4045,19,82.947,18.112,19,101.31,19.135,19,-94.256924408,-103.876130906
485,65.9436099799,16.3718756273,69.175,11.247,19,51.446,17.966,19,77.565,5.4045,19,82.947,18.112,19,101.31,19.135,19,24.377,11.978,19,-94.2566080402,-100.704570316
486,56.7225990352,19.0645729481,51.446,17.966,19,69.175,11.247,19,77.565,5.4045,19,82.947,18.112,19,24.377,11.978,19,101.31,19.135,19,-93.3980607132,-100.763692402
487,42.7137605997,9.17474600772,51.446,17.966,19,24.377,11.978,19,69.175,11.247,19,77.565,5.4045,19,82.947,18.112,19,101.31,19.135,19,-99.508084525,-102.469489116
488,48.0555413706,12.7581392685,51.446,17.966,19,69.175,11.247,19,24.377,11.978,19,77.565,5.4045,19,82.947,18.112,19,101.31,19.135,19,-94.4428375139,-103.440435963
489,57.5126651824,8.55258513915,51.446,17.966,19,69.175,11.247,19,77.565,5.4045,19,82.947,18.112,19,24.377,11.978,19,101.31,19.135,19,-98.7656626862,-99.2540667497
490,54.5355073455,14.6851655227,51.446,17.966,19,69.175,11.247,19,77.565,5.4045,19,82.947,18.112,19,24.377,11.978,19,101.31,19.135,19,-92.0845123224,-100.92897631
491,26.1030344329,8.60021548198,24.377,11.978,19,51.446,17.966,19,69.175,11.247,19,77.565,5.4045,19,82.947,18.112,19,101.31,19.135,19,-90.8198192739,-105.229553566
492,46.5644288621,11.3059549788,51.446,17.966,19,24.377,11.978,19,69.175,11.247,19,77.565,5.4045,19,82.947,18.112,19,101.31,19.135,19,-96.5292778601,-103.787129955
493,71.0228461657,12.9941559774,69.175,11.247,19,77.565,5.4045,19,82.947,18.112,19,51.446,17.966,19,101.31,19.135,19,24.377,11.978,19,-87.8850466612,-97.9493036241
494,57.0399923513,17.8733180066,51.446,17.966,19,69.175,11.247,19,77.565,5.4045,19,82.947,18.112,19,24.377,11.978,19,101.31,19.135,19,-93.6720635228,-100.312486355
495,94.1798319285,11.2863650575,101.31,19.135,19,82.947,18.112,19,77.565,5.4045,19,69.175,11.247,19,51.446,17.966,19,24.377,11.978,19,-98.3648497767,-99.9410750404
496,59.6682472421,21.0456099114,51.446,17.966,19,69.175,11.247,19,82.947,18.112,19,77.565,5.4045,19,24.377,11.978,19,101.31,19.135,19,-96.9796591168,-100.219649501
497,78.3990426295,6.01831014624,77.565,5.4045,19,69.175,11.247,19,82.947,18.112,19,101.31,19.135,19,51.446,17.966,19,24.377,11.978,19,-81.2910375163,-98.3642554894
498,75.5987707078,5.09879474849,77.565,5.4045,19,69.175,11.247,19,82.947,18.112,19,51.446,17.966,19,101.31,19.135,19,24.377,11.978,19,-86.0846300099,-97.0725358177
499,94.8420529067,6.29714865188,101.31,19.135,19,82.947,18.112,19,77.565,5.4045,19,69.175,11.247,19,51.446,17.966,19,24.377,11.978,19,-100.598202997,-101.727208871
